src_index,src_x,src_y,tgt_x,tgt_y,dist_to_hole_px,matched
0,805.0,23.5,3.891969300451791,336.0360784909782,45.460815,False
1,848.5,23.5,12.68982363975445,300.7498129055517,46.036606,False
2,891.5,23.5,21.386553216536385,265.86913657972786,46.57731,False
3,826.4814814814815,34.96296296296296,17.535103193047775,320.92912082499095,38.305305,False
4,869.4814814814815,34.96296296296296,26.23183276982971,286.0484444991671,38.902214,False
5,740.0,35.5,0.4798924032205889,391.18967653981383,57.714348,False
6,783.48,35.36,9.16013330425173,355.8913355580395,41.100117,False
7,913.0,35.38709677419355,35.3774752644085,250.832958018855,36.16361,False
8,956.48,35.36,44.14930113642092,215.55745173553893,39.709713,False
9,718.3793103448276,47.10344827586207,5.5195897947795345,411.07468841527646,50.235825,False
10,761.6206896551724,47.10344827586207,14.26512885776836,375.99824793754,41.100117,False
11,805.0,46.94117647058823,22.90694884638569,340.7770454801015,25.244299,False
12,848.3793103448276,47.10344827586207,31.812028050166788,305.6214809185998,25.820099,False
13,891.3793103448276,47.10344827586207,40.50875762694872,270.74080459277593,25.4058,False
14,934.6206896551724,47.10344827586207,49.25429668993755,235.66436411503943,26.522299,False
15,978.0,46.94117647058823,57.896116678554876,200.44316165760094,41.619713,False
16,1021.0,50.0,69.07409746834091,166.18113075625197,57.76342,False
17,696.5,58.5,10.339144005637735,431.12768120119347,48.48733,False
18,740.0,62.0,21.97612316215853,396.549288953412,39.190113,False
19,783.5,58.5,27.934852684242998,360.55515003034054,25.0266,False
20,826.5,58.5,36.63158226102493,325.6744737045167,19.170202,False
21,869.5,58.5,45.328311837806865,290.79379737869283,22.449503,False
22,913.0,62.0,56.96529099432777,256.21540513091145,17.2251,False
23,956.5,58.5,62.92402051641224,220.22126620784,24.900202,False
24,999.5,58.5,71.62075009319412,185.34058988201613,41.619713,False
25,1042.5,58.5,80.317479669976,150.45991355619228,60.916325,False
26,696.5,65.5,16.01739364007412,432.5434278764835,43.55081,False
27,783.5,65.5,33.61310231867944,361.9708967056306,19.710901,False
28,826.5,65.5,42.30983189546137,327.09022037980674,16.1437,False
29,869.5,65.5,51.006561472243305,292.2095440539829,17.513,False
30,956.5,65.5,68.60227015084863,221.63701288313004,20.5044,False
31,999.5,65.5,77.2989997276305,186.75633655730618,36.556812,False
32,1042.5,65.5,85.99572930441249,151.87566023148239,56.52052,False
33,675.32,76.08,20.316020399519488,451.86398331726923,40.559414,False
34,718.32,76.08,29.01274997630142,416.9833069914454,25.785,False
35,978.0,76.27586206896552,81.69178405594411,206.37608802482842,22.8287,False
36,1064.5,76.23076923076923,99.14978596956425,136.20002519574277,59.13272,False
37,761.5,76.5,38.08657647902501,382.04156890360093,20.665901,False
38,805.0,76.5,46.88443081832767,346.7553033181746,1.91,True
39,848.5,76.5,55.68228515763039,311.4690377327481,1.3693,True
40,891.5,76.5,64.37901473441227,276.58836140692426,0.955,True
41,934.5,76.5,73.07574431119414,241.70768508110038,2.3243,True
42,1021.5,76.5,90.67145298979958,171.13515391024757,38.340412,False
43,653.5,89.07142857142857,26.441298819186073,472.19141399455805,40.145115,False
44,696.4814814814815,89.03703703703704,35.10639513764616,437.3187848345758,23.7486,False
45,740.0,88.61290322580645,43.56393579767726,401.9317352939478,18.755901,False
46,783.48,88.64,52.379723817296934,366.6671900053608,1.91,True
47,826.4814814814815,89.03703703703704,61.398833393033414,331.865577337899,11.9094,False
48,869.4814814814815,89.03703703703704,70.0955629698154,296.9849010120753,11.46,False
49,913.0,88.94117647058823,78.81939535747992,261.66424545767984,11.46,False
50,956.48,88.64,87.36889164946612,226.33330618286024,3.2793,True
51,999.4814814814815,89.03703703703704,96.3880012252026,191.53169351539853,21.7473,False
52,1042.52,88.64,104.7704486844037,156.5394747037835,38.88111,False
53,1086.0,88.61290322580645,113.54227146201569,121.26396764894665,58.718422,False
54,610.0,92.0,20.019040482927466,508.06998220133187,57.17365,False
55,632.0,102.91044776119404,33.31884959944799,492.43068733408177,39.316513,False
56,675.5,102.88888888888889,42.09921438724254,457.14006111360163,21.620901,False
57,718.5,102.88888888888889,50.795943964024474,422.2593847877778,5.6036,True
58,761.5,102.88888888888889,59.49267354080641,387.3787084619539,0.955,True
59,805.0,102.91044776119404,68.30801743161723,352.09680351158124,0.0,True
60,848.5,102.88888888888889,77.08838221941173,316.806177291101,0.0,True
61,891.5,102.88888888888889,85.78511179619372,281.92550096527714,0.0,True
62,934.5,102.88888888888889,94.4818413729756,247.04482463945337,0.0,True
63,978.0,102.91044776119404,103.29718526378642,211.7629196890807,1.3693,True
64,1021.5,102.88888888888889,112.07755005158091,176.4722934686005,22.8287,False
65,1064.5,102.88888888888889,120.7742796283629,141.59161714277664,38.88111,False
66,1107.5,102.88888888888889,129.47100920514478,106.71094081695279,60.916325,False
67,588.5,106.5,27.432764223011958,528.4429384773448,56.759346,False
68,610.48,118.36,41.49878256611467,513.0119299589796,39.190113,False
69,653.5,118.23076923076923,50.09472898415092,478.0888766408227,19.710901,False
70,696.4814814814815,117.96296296296296,58.57047893729211,443.1690381285864,0.0,True
71,740.0,118.38709677419355,67.71612762067193,407.9535531913158,0.0,True
72,783.5185185185185,117.96296296296296,76.17366828070303,372.56650365068776,0.0,True
73,826.4814814814815,117.96296296296296,84.86291719267942,337.71583063190974,0.0,True
74,869.4814814814815,117.96296296296296,93.5596467694613,302.8351543060859,0.0,True
75,913.0,118.05882352941177,102.4390037252077,267.55327538258257,0.0,True
76,956.48,118.36,111.47711823045299,232.34416231397844,0.0,True
77,999.52,118.36,120.18194568860869,197.43100716072556,0.0,True
78,1042.4814814814815,117.96296296296296,128.54880225729912,162.501319993993,20.9187,False
79,1086.0,118.05882352941177,137.42817155737688,127.21939156008207,39.295414,False
80,1129.48,118.36,146.46628606262217,92.01027849147792,62.664818,False
81,588.6206896551724,130.10344827586206,46.60378430843221,533.1188438815215,39.730816,False
82,632.0,129.94117647058823,55.24559810824857,497.89763988104164,20.7923,False
83,675.5,130.0,64.09116810293958,462.62327114496577,0.955,True
84,718.3793103448276,130.10344827586206,72.84741307761246,427.8614005367575,0.0,True
85,761.5,130.0,81.48462725650356,392.86191849331806,0.0,True
86,805.0,130.0,90.28248159580616,357.5756529078916,0.0,True
87,848.3793103448276,130.10344827586206,99.13985133299977,322.40819304008073,0.0,True
88,891.5,130.0,107.77706551189075,287.4087109966413,0.0,True
89,934.5,130.0,116.47379508867274,252.5280346708175,0.0,True
90,978.0,129.94117647058823,125.22393377258695,217.22987223604056,0.0,True
91,1021.3793103448276,130.10344827586206,134.12901916516896,182.07430921758018,1.3693,True
92,1064.5,130.0,142.76623334405994,147.07482717414072,21.8737,False
93,1107.5,130.0,151.46296292084193,112.19415084831692,42.034016,False
94,1151.0,129.94117647058823,160.21310160475613,76.89598841353998,71.18964,False
95,567.0,145.0,54.31477242402147,553.6698833543521,39.604412,False
96,610.5,141.5,60.27350194610594,517.6757444312807,23.1166,False
97,653.5,141.5,68.97023152288781,482.79506810545683,1.91,True
98,696.5,141.5,77.66696109966969,447.914391779633,0.0,True
99,740.0,145.0,89.30394025619066,413.3359995318516,0.0,True
100,783.5,141.5,95.26266977827513,377.34186060878005,0.0,True
101,826.5,141.5,103.959399355057,342.4611842829562,0.0,True
102,869.5,141.5,112.65612893183888,307.58050795713245,0.0,True
103,913.0,145.0,124.29310808835984,273.00211570935096,0.0,True
104,956.5,141.5,130.2518376104443,237.0079767862795,0.0,True
105,999.5,141.5,138.9485671872262,202.12730046045564,0.0,True
106,1042.5,141.5,147.64529676400807,167.24662413463184,2.7386,True
107,1086.0,145.0,159.28227592052903,132.66823188685046,23.657299,False
108,1129.5,141.5,165.24100544261339,96.67409296377897,50.01811,False
109,1172.5,141.5,173.93773501939538,61.79341663795512,79.67223,False
110,610.5,148.5,65.95175158054221,519.0914911065707,17.800901,False
111,653.5,148.5,74.6484811573242,484.2108147807469,0.0,True
112,696.5,148.5,83.34521073410619,449.33013845492303,0.0,True
113,783.5,148.5,100.9409194127114,378.7576072840701,0.0,True
114,826.5,148.5,109.63764898949339,343.87693095824636,0.0,True
115,869.5,148.5,118.33437856627538,308.9962546324225,0.0,True
116,956.5,148.5,135.93008724488058,238.4237234615696,0.0,True
117,999.5,148.5,144.62681682166257,203.54304713574575,0.0,True
118,1042.5,148.5,153.32354639844456,168.66237080992195,0.0,True
119,1129.5,148.5,170.91925507704977,98.08983963906908,46.57731,False
120,1172.5,148.5,179.61598465383176,63.20916331324523,73.52793,False
121,545.3793103448276,159.89655172413794,62.02576053961067,574.2209228271827,39.604412,False
122,588.5,160.0,70.83081500049045,539.2632880670618,19.2966,False
123,632.0,160.05882352941177,79.67638499518156,503.9889193309858,0.0,True
124,675.3793103448276,159.89655172413794,88.31819879499787,468.767715330506,0.0,True
125,718.3793103448276,159.89655172413794,97.01492837177975,433.88703900468215,0.0,True
126,761.5,160.0,105.81998283265963,398.9294042445613,0.0,True
127,805.0,160.0,114.61783717196235,363.6431386591348,0.0,True
128,848.5,160.0,123.41569151126495,328.35687307370836,0.0,True
129,891.5,160.0,132.11242108804694,293.4761967478845,0.0,True
130,934.5,160.0,140.80915066482882,258.59552042206064,0.0,True
131,978.0,160.0,149.60700500413154,223.30925483663427,0.0,True
132,1021.3793103448276,159.89655172413794,158.29653445933624,188.09994768550487,0.0,True
133,1064.5,160.0,167.10158892021613,153.14231292538395,1.91,True
134,1107.6206896551723,159.89655172413794,175.73881544343837,118.14278137153693,25.4058,False
135,1151.0,160.05882352941177,184.64388849168913,82.98726786348422,56.93482,False
136,1194.5,160.0,193.39402717560333,47.68910542870728,76.26653,False
137,523.52,171.64,67.13076228192821,594.3278367497246,43.11542,False
138,567.0,171.94117647058823,76.16887678717362,559.1187236811205,20.665901,False
139,610.5185185185185,172.03703703703704,85.04822755411905,523.8368432145758,0.955,True
140,653.5,171.76923076923077,93.52397750726013,488.91700470233957,0.0,True
141,696.4814814814815,172.03703703703704,102.43420604287721,454.1054938699739,0.0,True
142,740.0,171.94117647058823,111.1580446193428,418.78483985862,0.0,True
143,783.48,171.64,119.707540911329,383.4539005838003,0.0,True
144,826.52,171.64,128.4123683694847,348.5407454305474,0.0,True
145,869.52,171.64,137.1090979462666,313.66006910472356,0.0,True
146,913.0,171.61290322580646,145.88092072387857,278.38456204988677,0.0,True
147,956.48,171.64,154.6967087434982,243.12001676129975,0.0,True
148,999.4814814814815,172.03703703703704,163.7158121304337,208.31840255079666,0.0,True
149,1042.52,171.64,172.09826577843577,173.326185282223,0.0,True
150,1086.0,171.94117647058823,181.13638028368106,138.11707221361885,4.2343,True
151,1129.48,171.64,189.68587657566738,102.78613293879923,37.926113,False
152,1172.4814814814815,172.03703703703704,198.70496761827152,67.98456823870376,58.30412,False
153,502.0,187.08955223880596,75.3106952485949,614.9090793746225,46.14192,False
154,545.5,187.11111111111111,84.1260391394056,579.6271744242497,21.080202,False
155,588.5,187.11111111111111,92.8227687161876,544.746498098426,0.0,True
156,632.0,187.08955223880596,101.6031335039821,509.4558718779457,0.0,True
157,675.5,187.11111111111111,110.4184773947928,474.173966927573,0.0,True
158,718.5,187.11111111111111,119.11520697157479,439.29329060174916,0.0,True
159,761.5,187.11111111111111,127.81193654835678,404.4126142759254,0.0,True
160,805.0,187.08955223880596,136.59230133615128,369.1219880554452,0.0,True
161,848.5,187.11111111111111,145.407645226962,333.8400831050725,0.0,True
162,891.5,187.11111111111111,154.10437480374398,298.95940677924864,0.0,True
163,934.5,187.11111111111111,162.80110438052597,264.0787304534248,0.0,True
164,978.0,187.08955223880596,171.58146916832047,228.78810423294462,0.0,True
165,1021.5,187.11111111111111,180.39681305913118,193.50619928257194,0.0,True
166,1064.5,187.11111111111111,189.09354263591317,158.62552295674809,0.0,True
167,1107.5,187.11111111111111,197.79027221269516,123.74484663092429,19.6758,False
168,1151.0,187.08955223880596,206.57063700048965,88.45422041044404,37.51181,False
169,1194.5,187.11111111111111,215.38598089130036,53.17231546007142,60.21412,False
170,523.4814814814815,200.96296296296296,90.90913438795596,600.2896340725679,25.188105,False
171,567.0,201.05882352941177,99.7884851549014,565.0077536060232,0.0,True
172,610.5185185185185,200.96296296296296,108.51232373136688,529.6870995946693,0.0,True
173,696.4814814814815,200.96296296296296,125.89830222012515,459.95575025006747,0.0,True
174,740.0,201.05882352941177,134.77765298707058,424.6738697835227,0.0,True
175,999.4814814814815,200.96296296296296,187.17990830768153,214.16865893089013,0.0,True
176,1086.0,201.05882352941177,204.75598865140896,144.00610213852164,0.0,True
177,1216.0,201.05882352941177,231.04842690679615,38.552894641844915,66.95533,False
178,653.5,201.23076923076923,117.42255226698396,494.87558876230366,0.0,True
179,783.48,201.36,143.81576749231587,389.4647567149185,0.0,True
180,826.52,201.36,152.52059495047146,354.5516015616656,0.0,True
181,869.52,201.36,161.21732452725345,319.67092523584176,0.0,True
182,913.0,201.38709677419354,170.03311254687307,284.4063799472548,0.0,True
183,956.48,201.36,178.80493532448506,249.130872892418,0.0,True
184,1042.52,201.36,196.20649235942264,179.3370414133412,0.0,True
185,1129.48,201.36,213.79410315665424,108.79698906991749,20.0901,False
186,1172.52,201.36,222.49893061480984,73.88383391666454,38.340412,False
187,502.0,213.94117647058823,97.09215546609855,620.3398074811994,41.802303,False
188,545.5185185185185,214.03703703703704,105.97150623304398,585.0579270146546,4.6486,True
189,588.4814814814815,214.03703703703704,114.66075514502026,550.2072539958766,0.0,True
190,632.0,213.94117647058823,123.38459372148586,514.8865999845226,0.0,True
191,675.5185185185185,214.03703703703704,132.2639444884313,479.60471951797797,0.0,True
192,718.48,213.64,140.63081959025394,444.6749843838792,0.0,True
193,761.4814814814815,214.03703703703704,149.64992297718945,409.8733701733761,0.0,True
194,805.0,213.94117647058823,158.37376155365493,374.5527161620221,0.0,True
195,848.5185185185185,214.03703703703704,167.25311232060048,339.27083569547733,0.0,True
196,891.5185185185185,214.03703703703704,175.94984189738236,304.3901593696536,0.0,True
197,934.4814814814815,214.03703703703704,184.63909080935863,269.53948635087545,0.0,True
198,978.0,213.94117647058823,193.36292938582412,234.21883233952153,0.0,True
199,1021.48,213.64,201.91242567781043,198.8878930647019,0.0,True
200,1064.5,214.07142857142858,210.9631685118687,164.07823323139857,0.0,True
201,1107.52,213.64,219.31398271274801,129.0940615856251,0.0,True
202,1151.0,213.94117647058823,228.3520972179933,93.884948517021,21.4594,False
203,1194.5185185185185,214.03703703703704,237.2314603292701,58.60301854006863,45.369507,False
204,1237.5,214.07142857142858,245.9523363440379,23.744349408898046,75.06587,False
205,480.5,227.88888888888889,104.05787190481223,640.6010629887967,45.854023,False
206,523.5,227.88888888888889,112.75460148159422,605.7203866629728,21.494503,False
207,567.0,227.91044776119404,121.56994537240504,570.4384817126002,0.0,True
208,610.5,227.88888888888889,130.35031016019954,535.14785549212,0.0,True
209,653.5,227.88888888888889,139.04703973698142,500.26717916629616,0.0,True
210,696.5,227.88888888888889,147.7437693137634,465.3865028404723,0.0,True
211,740.0,227.91044776119404,156.55911320457423,430.1045978900996,0.0,True
212,783.5,227.88888888888889,165.33947799236873,394.8139716696194,0.0,True
213,826.5,227.88888888888889,174.03620756915072,359.93329534379563,0.0,True
214,869.5,227.88888888888889,182.7329371459326,325.0526190179718,0.0,True
215,913.0,227.91044776119404,191.54828103674342,289.7707140675991,0.0,True
216,956.5,227.88888888888889,200.32864582453792,254.48008784711888,0.0,True
217,999.5,227.88888888888889,209.0253754013199,219.59941152129502,0.0,True
218,1042.5,227.88888888888889,217.72210497810178,184.71873519547123,0.0,True
219,1086.0,227.91044776119404,226.5374488689126,149.43683024509855,0.0,True
220,1129.5,227.88888888888889,235.3178136567071,114.14620402461836,0.0,True
221,1172.5,227.88888888888889,244.01454323348898,79.2655276987945,23.3694,False
222,1216.0,227.91044776119404,252.82988712429992,43.98362274842182,53.48004,False
223,459.0,243.05882352941177,112.01503425704445,661.109513731926,58.936115,False
224,502.0,243.05882352941177,120.71176383382644,626.2288374061021,23.404503,False
225,588.4814814814815,242.96296296296296,138.1248513222682,556.0575103759701,0.0,True
226,675.5185185185185,242.96296296296296,155.72804066567912,485.45497589807144,0.0,True
227,805.0,243.05882352941177,181.99336992138282,380.4417460869248,0.0,True
228,848.5185185185185,242.96296296296296,190.7172084978483,345.1210920755709,0.0,True
229,891.5185185185185,242.96296296296296,199.41393807463018,310.24041574974706,0.0,True
230,1064.5,242.92857142857142,234.3714664596766,169.9145775500467,0.0,True
231,1194.5185185185185,242.96296296296296,260.6955565065181,64.4532749201621,37.2801,False
232,545.48,243.36,129.7498783390716,591.019724337498,0.0,True
233,632.0,243.38709677419354,147.27049381684705,520.842023895658,0.0,True
234,718.48,243.36,164.7390461712408,450.6858405149974,0.0,True
235,761.52,243.36,173.4438736293965,415.7726853617445,0.0,True
236,934.52,243.36,208.4330414615657,275.43880153924397,0.0,True
237,978.0,243.38709677419354,217.2488294811853,240.17425625065695,0.0,True
238,1021.48,243.36,226.0206522587973,204.89874919582016,0.0,True
239,1107.52,243.36,243.42220929373488,135.10491771674336,0.0,True
240,1151.0,243.38709677419354,252.2379973133545,99.84037242815637,0.0,True
241,1237.5,243.23076923076923,269.6057726978038,29.64181359820421,66.54103,False
242,480.5,254.76923076923077,125.86262676912301,646.0375991032797,38.8109,False
243,523.52,254.64,134.45857937596028,611.1145473281642,4.775,True
244,567.0,254.61290322580646,143.23040215357227,575.8390402733274,0.0,True
245,610.5185185185185,255.03703703703704,152.376044648151,540.6235537930154,0.0,True
246,653.5,254.76923076923077,160.8517946012922,505.7037152807791,0.0,True
247,696.4814814814815,255.03703703703704,169.76202313690928,470.8922044484135,0.0,True
248,740.0,254.61290322580646,178.21956998574146,435.5051564508269,0.0,True
249,783.48,254.64,187.03535800536108,400.2406111622398,0.0,True
250,826.52,254.64,195.74018546351667,365.3274560089869,0.0,True
251,869.52,254.64,204.43691504029866,330.4467796831631,0.0,True
252,913.0,254.61290322580646,213.20873781791065,295.1712726283263,0.0,True
253,956.48,254.64,222.02452583753026,259.9067273397394,0.0,True
254,999.4814814814815,255.03703703703704,231.04362922446566,225.10511312923617,0.0,True
255,1042.4814814814815,255.03703703703704,239.74034645691628,190.22448631382005,0.0,True
256,1086.0,254.61290322580646,248.19790565007983,154.83738880582578,0.0,True
257,1129.5185185185185,255.03703703703704,257.34356048898997,119.62185281510605,0.0,True
258,1172.4814814814815,255.03703703703704,266.0327847123036,84.77127881714333,18.7208,False
259,1216.0,254.94117647058823,274.7566356331005,49.4505752953817,46.32451,False
260,1259.0,254.61290322580646,283.18707348224905,14.5035049833252,75.48017,False
261,459.0,270.089552238806,133.94177038824304,666.576463192803,55.551537,False
262,502.0,270.089552238806,142.63849996502503,631.6957868669791,20.539503,False
263,545.5,270.1111111111111,151.45385623343768,596.4138850026893,0.0,True
264,588.5,270.1111111111111,160.15058581021967,561.5332086768655,0.0,True
265,632.0,270.089552238806,168.93093822041223,526.2425793703025,0.0,True
266,675.5,270.1111111111111,177.74629448882487,490.96067750601264,0.0,True
267,718.5,270.1111111111111,186.44302406560686,456.0800011801888,0.0,True
268,761.5,270.1111111111111,195.13975364238885,421.19932485436493,0.0,True
269,805.0,270.089552238806,203.92010605258142,385.9086955478018,0.0,True
270,848.5,270.1111111111111,212.73546232099406,350.626793683512,0.0,True
271,891.5,270.1111111111111,221.43219189777605,315.74611735768815,0.0,True
272,934.5,270.1111111111111,230.12892147455804,280.8654410318644,0.0,True
273,978.0,270.089552238806,238.9092738847506,245.57481172530132,0.0,True
274,1021.5,270.1111111111111,247.72463015316325,210.2929098610115,0.0,True
275,1064.5,270.1111111111111,256.42135972994527,175.41223353518765,0.0,True
276,1107.5,270.1111111111111,265.11808930672726,140.53155720936383,0.0,True
277,1151.0,270.089552238806,273.8984417169198,105.24092790280079,0.0,True
278,1194.5,270.1111111111111,282.71379798533246,69.95902603851098,22.9551,False
279,1237.5,270.1111111111111,291.41052756211445,35.07834971268713,53.48004,False
280,1280.5,273.0,302.4506589993555,0.7819491067423598,90.50739,False
281,437.48,284.36,141.16524271657326,686.9192070970726,72.99438,False
282,480.5,284.2307692307692,149.76120152884673,651.9961831632438,36.613003,False
283,523.52,284.36,158.56679357934522,617.1254003731996,0.0,True
284,567.0,284.38709677419354,167.38258159896495,581.8608550846127,0.0,True
285,610.5185185185185,283.962962962963,175.840128447797,546.473807087026,0.0,True
286,653.5,284.2307692307692,184.7503693610159,511.6622993407433,0.0,True
287,696.4814814814815,283.962962962963,193.22610693655528,476.7424577424241,0.0,True
288,740.0,284.05882352941177,202.10548245870447,441.4605834480451,0.0,True
289,783.48,284.36,211.143572208746,406.25146420727526,0.0,True
290,826.52,284.36,219.8483996669016,371.33830905402226,0.0,True
291,869.52,284.36,228.5451292436836,336.4576327281985,0.0,True
292,913.0,284.38709677419354,237.3609172633032,301.19308743961153,0.0,True
293,956.5185185185185,283.962962962963,245.81846411213527,265.80603944202494,0.0,True
294,999.4814814814815,283.962962962963,254.50771302411167,230.9553664232469,0.0,True
295,1042.52,284.36,263.5342970758528,196.12374890569797,0.0,True
296,1086.0,284.38709677419354,272.3500850954724,160.85920361711098,0.0,True
297,1129.48,284.36,281.1219078730844,125.58369656227418,0.0,True
298,1172.4814814814815,283.962962962963,289.4968685119495,90.62153211115398,0.955,True
299,1216.0,284.05882352941177,298.3762563784302,55.339608306367296,37.2801,False
300,1259.0,284.38709677419354,307.3392529276416,20.525319794610397,71.62508,False
301,459.0,296.61290322580646,155.45696363331726,671.9408034853129,53.641533,False
302,502.0,296.61290322580646,164.15369321009914,637.0601271594892,18.5593,False
303,545.48,296.64,172.96948122971875,601.7955818709022,0.0,True
304,588.4814814814815,297.037037037037,181.98858461665426,566.993967660399,0.0,True
305,632.0,296.94117647058823,190.712398437916,531.6733074768794,0.0,True
306,675.5185185185185,297.037037037037,199.59177396006518,496.39143318250035,0.0,True
307,718.48,296.64,207.95864906188794,461.46169804840156,0.0,True
308,761.52,296.64,216.66347652004364,426.54854289514867,0.0,True
309,805.0,296.94117647058823,225.70156627008518,391.33942365437883,0.0,True
310,848.5185185185185,297.037037037037,234.58094179223437,356.0575493599997,0.0,True
311,891.5185185185185,297.037037037037,243.27767136901625,321.17687303417597,0.0,True
312,934.4814814814815,297.037037037037,251.96692028099264,286.32620001539794,0.0,True
313,978.0,296.61290322580646,260.42446712982485,250.93915201781132,0.0,True
314,1021.48,296.64,269.24025514944447,215.67460672922434,0.0,True
315,1064.5,297.07142857142856,278.29099798350273,180.86494689592095,0.0,True
316,1107.52,296.64,286.64181218438205,145.88077525014748,0.0,True
317,1151.0,296.94117647058823,295.67990193442347,110.6716560093777,0.0,True
318,1194.5185185185185,297.037037037037,304.55928980090414,75.38973220459101,20.8836,False
319,1237.5,297.07142857142856,313.2801658156719,40.53106307342048,52.52504,False
320,1280.4814814814815,297.037037037037,321.9452436009997,5.65848188080443,89.678795,False
321,437.5,310.8888888888889,162.68895942206242,692.26844989306,70.670074,False
322,480.5,310.8888888888889,171.38568899884442,657.3877735672363,35.243702,False
323,523.5,310.8888888888889,180.0824185756263,622.5070972414125,0.0,True
324,567.0,310.910447761194,188.89777484403905,587.2251953771226,0.0,True
325,610.5,310.8888888888889,197.6781272542316,551.9345660705595,0.0,True
326,653.5,310.8888888888889,206.3748568310136,517.0538897447357,0.0,True
327,696.5,310.8888888888889,215.07158640779548,482.1732134189119,0.0,True
328,740.0,310.910447761194,223.88694267620824,446.891311554622,0.0,True
329,783.5,310.8888888888889,232.6672950864008,411.600682248059,0.0,True
330,826.5,310.8888888888889,241.36402466318268,376.72000592223515,0.0,True
331,869.5,310.8888888888889,250.06075423996467,341.8393295964113,0.0,True
332,913.0,310.910447761194,258.87611050837745,306.5574277321215,0.0,True
333,956.5,310.8888888888889,267.65646291857,271.2667984255585,0.0,True
334,999.5,310.8888888888889,276.353192495352,236.3861220997346,0.0,True
335,1042.5,310.8888888888889,285.0499220721339,201.50544577391074,0.0,True
336,1086.0,310.910447761194,293.86527834054664,166.22354390962093,0.0,True
337,1129.5,310.8888888888889,302.6456307507392,130.93291460305787,0.0,True
338,1172.5,310.8888888888889,311.3423603275211,96.05223827723401,0.0,True
339,1216.0,310.910447761194,320.15771659593383,60.77033641294426,36.3251,False
340,1259.0,310.910447761194,328.8544461727158,25.889660087120404,72.86797,False
341,415.52,326.36,170.79333650932264,713.227185254306,88.72379,False
342,459.0,326.38709677419354,179.609130701108,677.9626152105154,51.570038,False
343,502.0,326.38709677419354,188.30586027788988,643.0819388846915,19.170202,False
344,545.48,326.36,197.07768305550175,607.8064318298547,0.0,True
345,588.4814814814815,325.962962962963,205.45265603869834,572.8442178683268,0.0,True
346,632.0,326.38709677419354,214.5982985332772,537.6287313880148,0.0,True
347,675.5185185185185,325.962962962963,223.05584538210925,502.2416833904281,0.0,True
348,718.5185185185185,325.962962962963,231.75257495889113,467.36100706460434,0.0,True
349,761.52,326.36,240.77167834582664,432.55939285410125,0.0,True
350,805.0,326.38709677419354,249.58746636544637,397.29484756551415,0.0,True
351,848.48,326.36,258.3592891430583,362.01934051067747,0.0,True
352,891.48,326.36,267.05601871984015,327.1386641848536,0.0,True
353,934.52,326.36,275.76084617799586,292.2255090316006,0.0,True
354,978.0,326.38709677419354,284.5766341976155,256.9609637430136,0.0,True
355,1021.5185185185185,325.962962962963,293.03418104644766,221.57391574542706,0.0,True
356,1064.5,326.2307692307692,301.94442195966656,186.7624079991443,0.0,True
357,1107.52,326.36,310.75001401016505,151.89162520910006,0.0,True
358,1151.0,326.38709677419354,319.56580202978466,116.62707992051313,0.0,True
359,1194.5185185185185,325.962962962963,328.0233612229482,81.23998241251886,20.539503,False
360,1237.5,325.92857142857144,336.68843900827596,46.36740121990286,53.767937,False
361,1280.52,326.36,345.73918184233423,11.557741386599588,89.96669,False
362,437.5,338.0,184.68091313775957,697.7516599244242,71.91297,False
363,480.5,338.2,193.5398883204641,662.9114359724749,35.243702,False
364,523.5,338.0,202.07437229132344,627.9903072727766,0.0,True
365,567.0,338.0,210.87222663062605,592.7040416873501,0.0,True
366,610.3793103448276,338.1034482758621,219.72959636781977,557.5365818195393,0.0,True
367,653.5,338.0,228.36681054671064,522.5370997760998,0.0,True
368,696.6206896551724,338.1034482758621,237.17186500759053,487.57946501597894,0.0,True
369,740.0,337.94117647058823,245.8136664298049,452.35825792941625,0.0,True
370,783.3793103448276,338.1034482758621,254.71876419998895,417.20269799703874,0.0,True
371,826.5,338.0,263.35597837887985,382.2032159535993,0.0,True
372,869.5,338.0,272.05270795566184,347.3225396277754,0.0,True
373,913.0,337.94117647058823,280.8028342619741,312.0243741069156,0.0,True
374,956.3793103448276,338.1034482758621,289.70793203215817,276.8688141745381,0.0,True
375,999.6206896551724,338.1034482758621,298.45347109514694,241.7923736968016,0.0,True
376,1042.5,338.0,307.04187578783103,206.98865580527487,0.0,True
377,1086.0,337.94117647058823,315.7920020941433,171.69049028441512,0.0,True
378,1129.5,338.0,324.63758446643635,136.416124634422,0.0,True
379,1172.6206896551723,338.1034482758621,333.4426512716475,101.45844036389346,0.0,True
380,1216.0,338.0,342.13216838252094,66.24918272317174,36.739403,False
381,1259.0,337.94117647058823,350.7811699263125,31.356606461914538,73.89315,False
382,1302.3793103448277,338.1034482758621,359.6862553521652,-3.7989039600552417,inf,False
383,415.5,349.5,189.5599765577077,717.9234568849154,89.42599,False
384,459.0,353.0,201.19695571422866,683.3450646371339,51.443634,False
385,502.0,353.0,209.89368529101054,648.4643883113101,18.8472,False
386,545.5,349.5,215.852414813095,612.4702493882386,0.0,True
387,588.5,349.5,224.5491443898769,577.5895730624147,0.0,True
388,632.0,353.0,236.18612354639774,543.0111808146333,0.0,True
389,675.5,349.5,242.1448530684822,507.0170418915619,0.0,True
390,718.5,349.5,250.8415826452642,472.13636556573806,0.0,True
391,761.5,349.5,259.5383122220461,437.2556892399142,0.0,True
392,805.0,353.0,271.17529137856695,402.6772969921328,0.0,True
393,848.5,349.5,277.1340209006514,366.6831580690613,0.0,True
394,891.5,349.5,285.8307504774334,331.8024817432374,0.0,True
395,934.5,349.5,294.5274800542153,296.9218054174137,0.0,True
396,978.0,353.0,306.16445921073614,262.3434131696322,0.0,True
397,1021.5,349.5,312.1231887328206,226.34927424656078,0.0,True
398,1064.5,349.5,320.8199183096025,191.46859792073693,0.0,True
399,1107.5,349.5,329.5166478863845,156.58792159491313,0.0,True
400,1151.0,353.0,341.1536270429053,122.00952934713169,0.0,True
401,1194.5,349.5,347.1123565649898,86.01539042406026,19.710901,False
402,1237.5,349.5,355.8090861417718,51.1347140982364,53.48004,False
403,1280.5,349.5,364.50581571855366,16.254037772412545,89.8052,False
404,415.5,356.5,195.2382261921442,719.3392035602053,88.309494,False
405,545.5,356.5,221.5306644475314,613.8859960635286,0.0,True
406,588.5,356.5,230.22739402431338,579.0053197377049,0.0,True
407,675.5,356.5,247.8231027029186,508.43278856685197,0.0,True
408,718.5,356.5,256.5198322797006,473.5521122410281,0.0,True
409,761.5,356.5,265.2165618564826,438.67143591520426,0.0,True
410,848.5,356.5,282.8122705350878,368.09890474435144,0.0,True
411,891.5,356.5,291.5090001118698,333.2182284185276,0.0,True
412,934.5,356.5,300.2057296886518,298.33755209270373,0.0,True
413,1021.5,356.5,317.801438367257,227.7650209218509,0.0,True
414,1064.5,356.5,326.498167944039,192.88434459602703,0.0,True
415,1107.5,356.5,335.194897520821,158.00366827020318,0.0,True
416,1194.5,356.5,352.7906061994262,87.43113709935031,19.9286,False
417,1237.5,356.5,361.48733577620817,52.55046077352645,52.812935,False
418,1280.5,356.5,370.18406535299016,17.669784447702597,89.20827,False
419,437.5,368.0,209.01626871391576,703.8191456756674,71.91297,False
420,480.5,368.0,217.71299829069764,668.9384693498437,35.7844,False
421,523.5,368.0,226.40972786747963,634.0577930240197,0.0,True
422,567.0,368.05882352941177,235.25531023977257,598.7834273740267,0.0,True
423,610.5,368.0,244.00543654608495,563.4852618531669,0.0,True
424,653.5,367.8,252.5399205169443,528.5641331534684,0.0,True
425,696.5,368.0,261.39889569964885,493.7239092015192,0.0,True
426,740.0,368.0,270.19675003895145,458.4376436160928,0.0,True
427,783.3793103448276,367.8965517241379,278.88627949415616,423.2283364649634,0.0,True
428,826.6206896551724,367.8965517241379,287.63181855714504,388.1518959872269,0.0,True
429,869.6206896551724,367.8965517241379,296.32854813392703,353.27121966140305,0.0,True
430,913.0,368.05882352941177,305.233645904111,318.11565972902554,0.0,True
431,956.5,368.0,313.98377221042335,282.8174942081657,0.0,True
432,999.5,368.0,322.68050178720523,247.93681788234196,0.0,True
433,1042.5,368.0,331.3772313639872,213.0561415565181,0.0,True
434,1086.0,368.05882352941177,340.22281373628016,177.78177590652498,0.0,True
435,1129.5,368.0,348.9729400425924,142.48361038566523,0.0,True
436,1172.6206896551723,367.8965517241379,357.6101665658148,107.48407883181815,0.0,True
437,1216.0,368.05882352941177,366.51525199166747,72.32856840984832,37.1537,False
438,1259.0,368.05882352941177,375.21198156844935,37.44789208402446,68.99174,False
439,1302.3793103448277,367.8965517241379,383.85377064633246,2.226734507869452,98.68811,False
440,415.48148148148147,380.037037037037,214.3272277063514,724.1145868165429,inf,False
441,459.0,379.61290322580646,222.78478072734933,688.7275140637526,52.812935,False
442,502.0,379.61290322580646,231.4815103041312,653.8468377379287,18.5593,False
443,545.48,379.64,240.29729832375082,618.5822924493417,0.0,True
444,588.4814814814815,380.037037037037,249.31640171068634,583.7806782388385,0.0,True
445,632.0,379.61290322580646,257.77394855951843,548.3936302412519,0.0,True
446,675.5185185185185,380.037037037037,266.9195910540973,513.1781437609399,0.0,True
447,718.5185185185185,380.037037037037,275.61632063087916,478.297467435116,0.0,True
448,761.4814814814815,380.037037037037,284.30556954285555,443.446794416338,0.0,True
449,805.0,379.61290322580646,292.7631163916876,408.0597464187514,0.0,True
450,848.48,379.64,301.57890441130724,372.7952011301644,0.0,True
451,891.48,379.64,310.2756339880892,337.91452480434054,0.0,True
452,934.4814814814815,380.037037037037,319.29473737502474,303.11291059383746,0.0,True
453,978.0,379.94117647058823,328.01855119628635,267.7922504103178,0.0,True
454,1021.5185185185185,380.037037037037,336.89792671843566,232.51037611593878,0.0,True
455,1064.5,379.7692307692308,345.3736642939749,197.5905345176196,0.0,True
456,1107.4814814814815,380.037037037037,354.28389286286256,162.77907628174452,0.0,True
457,1151.0,379.61290322580646,362.741452056026,127.39197877375031,0.0,True
458,1194.5185185185185,380.037037037037,371.8871068949362,92.17644278303058,19.2615,False
459,1237.5,380.07142857142856,380.607982909704,57.317773651859994,47.405907,False
460,1280.4814814814815,380.037037037037,389.27306069503175,22.445192459243998,77.51658,False
461,394.0,395.089552238806,222.19286616120016,744.5842575713214,inf,False
462,437.5,395.1111111111111,231.0082224296128,709.3023557070316,71.08437,False
463,480.5,395.1111111111111,239.7049520063948,674.4216793812077,34.5415,False
464,523.5,395.1111111111111,248.40168158317667,639.541003055384,0.0,True
465,567.0,395.089552238806,257.1820339933694,604.2503737488208,0.0,True
466,610.5,395.1111111111111,265.997390261782,568.968471884531,0.0,True
467,653.5,395.1111111111111,274.694119838564,534.0877955587072,0.0,True
468,696.5,395.1111111111111,283.3908494153459,499.2071192328833,0.0,True
469,740.0,395.089552238806,292.17120182553856,463.9164899263203,0.0,True
470,783.5,395.1111111111111,300.9865580939512,428.6345880620305,0.0,True
471,826.5,395.1111111111111,309.6832876707332,393.75391173620665,0.0,True
472,869.5,395.1111111111111,318.38001724751507,358.8732354103828,0.0,True
473,913.0,395.089552238806,327.16036965770775,323.5826061038198,0.0,True
474,956.5,395.1111111111111,335.9757259261204,288.30070423952986,0.0,True
475,999.5,395.1111111111111,344.6724555029024,253.4200279137061,0.0,True
476,1042.5,395.1111111111111,353.36918507968426,218.53935158788224,0.0,True
477,1086.0,395.089552238806,362.14953748987693,183.24872228131917,0.0,True
478,1129.5,395.1111111111111,370.9648937582896,147.96682041702937,0.0,True
479,1172.5,395.1111111111111,379.66162333507157,113.08614409120551,0.0,True
480,1216.0,395.089552238806,388.44197574526413,77.7955147846425,24.4508,False
481,1259.0,395.089552238806,397.138705322046,42.91483845881865,56.632942,False
482,1302.5,395.1111111111111,405.95406159045876,7.632936594528843,93.21091,False
483,459.0,409.05882352941177,246.6706808227104,694.6829379748879,52.52504,False
484,502.0,409.05882352941177,255.3674103994924,659.8022616490641,20.125202,False
485,545.5185185185185,408.962962962963,264.09122422075404,624.4816014655444,0.0,True
486,632.0,409.05882352941177,281.6598486548796,554.3490541523873,0.0,True
487,761.4814814814815,408.962962962963,307.7696409648996,449.2970446242658,0.0,True
488,805.0,409.05882352941177,316.6490164870488,414.0151703298868,0.0,True
489,848.5185185185185,408.962962962963,325.37283030831054,378.6945101463672,0.0,True
490,891.5185185185185,408.962962962963,334.0695598850924,343.8138338205433,0.955,True
491,934.4814814814815,408.962962962963,342.7588087970688,308.9631608017653,0.955,True
492,1064.5,408.92857142857144,369.02708827013885,203.48799562084295,0.0,True
493,1107.4814814814815,408.962962962963,377.74796428490663,168.62932648967237,0.0,True
494,1151.0,409.05882352941177,386.6273521513872,133.3474026848857,0.0,True
495,1324.0,409.05882352941177,421.6165199835564,-6.986481137614845,inf,False
496,415.52,409.36,238.1211536033547,730.0138958327457,inf,False
497,588.52,409.36,273.11032760768956,589.6799872550413,0.0,True
498,675.48,409.36,290.69793840492116,519.1399349116175,0.0,True
499,718.48,409.36,299.39466798170304,484.25925858579365,0.0,True
500,978.0,409.38709677419354,351.90445129164755,273.74767432145325,0.0,True
501,1021.48,409.36,360.67627406925953,238.47216726661642,0.0,True
502,1194.48,409.36,395.6654419014287,98.13828344411584,3.6936,True
503,1237.5,409.2307692307692,404.2614068858678,63.21523475508329,40.433002,False
504,1280.52,409.36,413.0669989363663,28.3444519650391,71.62508,False
505,394.0,421.1666666666667,243.34606406062184,749.8583422850752,inf,False
506,437.35483870967744,421.35483870967744,252.2671979946144,714.7278947778734,72.86797,False
507,480.5,421.25,260.9082544383749,679.7082565583003,36.739403,False
508,523.5,421.0,269.4021893853554,644.7770178512161,0.0,True
509,567.0,421.1666666666667,278.33523189279106,609.5244584625747,0.0,True
510,610.5,421.0,286.99789806396086,574.2044866803633,0.0,True
511,653.5,421.8333333333333,296.37061799181504,539.4923536827957,0.0,True
512,696.6451612903226,421.35483870967744,304.7085407924727,504.3971620496603,0.0,True
513,740.0,421.0,313.18921155682733,469.1568684432891,0.0,True
514,783.5,421.0,321.98706589613005,433.87060285786265,0.0,True
515,826.5,421.0,330.6837954729119,398.9899265320388,0.0,True
516,869.5,421.0,339.3805250496939,364.10925020621494,0.0,True
517,913.0,421.0,348.1783793889965,328.8229846207886,0.0,True
518,956.5,421.0,356.97623372829923,293.5367190353621,0.0,True
519,999.5,421.0,365.6729633050811,258.65604270953827,0.0,True
520,1042.6451612903227,421.35483870967744,374.6868764568111,223.72939440465913,0.0,True
521,1086.0,421.0,383.1675472211657,188.48910079828804,0.0,True
522,1129.3548387096773,421.35483870967744,392.2238754954568,153.39233473266736,0.0,True
523,1172.5,421.0,400.6621311372503,118.32215888703772,0.0,True
524,1216.0,421.1666666666667,409.59517364468593,83.06959949839634,19.9286,False
525,1259.0,421.1666666666667,418.2919032214678,48.18892317257249,52.52504,False
526,1302.5,421.0,426.9545693926375,12.868951390361048,89.678795,False
527,415.5,432.5,256.8877936517398,734.7101674633549,inf,False
528,459.0,436.0,268.52477280826065,700.1317752155735,52.52504,False
529,502.0,436.0,277.22150238504264,665.2510988897496,21.5858,False
530,545.5,432.5,283.1802319071271,629.2569599666781,0.0,True
531,588.5,432.5,291.876961483909,594.3762836408544,0.0,True
532,632.0,436.0,303.51394064042984,559.7978913930729,0.0,True
533,675.5,432.5,309.4726701625143,523.8037524700014,0.0,True
534,718.5,432.5,318.1693997392962,488.92307614417757,0.0,True
535,761.5,432.5,326.8661293160782,454.0423998183537,0.0,True
536,805.0,436.0,338.503108472599,419.46400757057233,0.0,True
537,848.5,432.5,344.4618379946835,383.4698686475009,0.955,True
538,891.5,432.5,353.15856757146537,348.58919232167705,1.91,True
539,934.5,432.5,361.85529714824736,313.7085159958532,0.0,True
540,978.0,436.0,373.4922763047682,279.1301237480718,0.0,True
541,1021.5,432.5,379.4510058268527,243.13598482500035,0.0,True
542,1064.5,432.5,388.14773540363456,208.2553084991765,0.0,True
543,1107.5,432.5,396.84446498041655,173.37463217335264,0.0,True
544,1151.0,436.0,408.4814441369374,138.79623992557126,0.0,True
545,1194.5,432.5,414.44017365902187,102.80210100249982,0.0,True
546,1237.5,432.5,423.13690323580374,67.92142467667597,35.496502,False
547,1280.5,432.5,431.83363281258573,33.04074835085211,72.65025,False
548,1324.0,436.0,443.4706119691066,-1.5376438969292678,inf,False
549,415.5,439.5,262.5660432861763,736.1259141386449,inf,False
550,545.5,439.5,288.8584815415635,630.6727066419681,0.0,True
551,588.5,439.5,297.5552111183455,595.7920303161444,0.0,True
552,675.5,439.5,315.1509197969507,525.2194991452915,0.0,True
553,718.5,439.5,323.8476493737327,490.3388228194676,0.0,True
554,761.5,439.5,332.54437895051467,455.4581464936439,0.0,True
555,848.5,439.5,350.1400876291199,384.88561532279095,0.955,True
556,891.5,439.5,358.83681720590187,350.0049389969671,1.91,True
557,934.5,439.5,367.53354678268374,315.12426267114324,0.955,True
558,1021.5,439.5,385.12925546128906,244.5517315002904,0.0,True
559,1064.5,439.5,393.82598503807105,209.67105517446655,0.0,True
560,1107.5,439.5,402.52271461485293,174.7903788486427,0.0,True
561,1194.5,439.5,420.11842329345825,104.21784767778988,0.955,True
562,1237.5,439.5,428.81515287024024,69.33717135196602,37.0273,False
563,1280.5,439.5,437.5118824470221,34.456495026142164,70.670074,False
564,394.0,451.05882352941177,267.5939595016355,755.9040217749668,inf,False
565,437.37931034482756,450.8965517241379,276.2357547516842,720.6828394436079,74.65157,False
566,480.5,450.8,284.8785697788071,685.6847275544086,44.955208,False
567,523.6206896551724,450.8965517241379,293.6780295636207,650.7256978848436,17.3866,False
568,610.3793103448276,450.8965517241379,311.22492875601904,580.3489308659035,0.0,True
569,740.0,451.05882352941177,337.57229516597386,475.2362541299657,0.955,True
570,783.3793103448276,450.8965517241379,346.2140965881882,440.015047043403,0.0,True
571,826.6206896551724,450.8965517241379,354.9596356511771,404.9386065656664,1.91,True
572,869.6206896551724,450.8965517241379,363.6563652279591,370.05793023984256,16.0173,False
573,913.0,451.05882352941177,372.56146299814304,334.90237030746505,1.91,True
574,956.3793103448276,450.8965517241379,381.2032644203574,299.68116322090236,0.0,True
575,999.6206896551724,450.8965517241379,389.9488034833463,264.6047227431659,0.0,True
576,1086.0,451.05882352941177,407.55063083031223,194.56848648496455,0.0,True
577,1172.6206896551723,450.8965517241379,424.93798365984685,124.27078941025766,0.0,True
578,1302.3793103448277,450.8965517241379,451.1815877403644,19.013445086308963,89.96669,False
579,567.0,451.0,302.53539930081433,615.5582380170329,0.0,True
580,653.5,451.0,320.0299832168989,545.3912961057825,0.0,True
581,696.5,451.0,328.7267127936808,510.5106197799588,0.0,True
582,1042.5,451.0,398.7050484580192,229.8428521349576,0.0,True
583,1129.5,451.0,416.3007571366245,159.2703209641048,0.0,True
584,1216.0,451.0,433.7953410527091,89.10337905285454,19.8022,False
585,1259.0,451.0,442.4920706294911,54.22270272703068,52.812935,False
586,415.52,462.64,281.3407688716037,740.7897564522326,inf,False
587,459.0,462.94117647058823,290.37886479381086,705.580612456259,66.12673,False
588,502.0,462.94117647058823,299.07559437059285,670.6999361304352,33.8744,False
589,545.48,462.64,307.6251154177829,635.3690030277812,0.0,True
590,588.4814814814815,463.037037037037,316.64421880471843,600.5673888172781,0.0,True
591,632.0,462.61290322580646,325.1017656535505,565.1803408196915,0.0,True
592,675.5185185185185,463.037037037037,334.24740814812935,529.9648543393794,0.0,True
593,718.5185185185185,463.037037037037,342.94413772491123,495.08417801355563,0.0,True
594,761.52,462.64,351.3191107081078,460.1219640520278,0.0,True
595,805.0,462.61290322580646,360.0909334857197,424.846456997191,0.0,True
596,848.48,462.64,368.9067215053393,389.5819117086039,0.0,True
597,891.48,462.64,377.6034510821213,354.70123538278017,0.0,True
598,934.52,462.64,386.308278540277,319.78808022952717,0.0,True
599,978.0,462.61290322580646,395.0801013178889,284.5125731746904,0.0,True
600,1021.5185185185185,463.037037037037,404.2257438124677,249.29708669437835,0.0,True
601,1064.5,463.07142857142856,412.94663217156676,214.4383680528001,0.0,True
602,1107.52,462.64,421.2974463724462,179.45419640702661,0.0,True
603,1151.0,462.94117647058823,430.3355361224876,144.24507716625678,0.0,True
604,1194.5185185185185,463.037037037037,439.2149239889683,108.96315336147009,0.0,True
605,1237.5,462.7692307692308,447.69064922017617,74.04336127355865,36.1987,False
606,1280.52,462.64,456.28661420461526,39.12031258452609,72.93815,False
607,1324.0,462.61290322580646,465.05843698222725,3.844805529689296,105.87874,False
608,394.0,478.089552238806,289.52068325523226,761.370968149761,inf,False
609,437.5,478.1111111111111,298.3360395236449,726.0890662854711,inf,False
610,480.5,478.1111111111111,307.0327691004269,691.2083899596473,49.660034,False
611,523.5,478.1111111111111,315.72949867720877,656.3277136338234,19.5494,False
612,567.0,478.089552238806,324.50985108740144,621.0370843272603,0.0,True
613,610.5,478.1111111111111,333.3252073558141,585.7551824629705,0.0,True
614,653.5,478.1111111111111,342.0219369325961,550.8745061371467,0.0,True
615,696.5,478.1111111111111,350.71866650937795,515.9938298113229,0.0,True
616,740.0,478.089552238806,359.4990189195705,480.7032005047598,0.0,True
617,783.5,478.1111111111111,368.3143751879833,445.42129864047,1.3693,True
618,826.5,478.1111111111111,377.01110476476515,410.54062231464616,0.0,True
619,869.5,478.1111111111111,385.70783434154714,375.6599459888223,0.0,True
620,913.0,478.089552238806,394.4881867517397,340.3693166822593,0.0,True
621,956.5,478.1111111111111,403.30354302015246,305.0874148179695,0.0,True
622,999.5,478.1111111111111,412.00027259693434,270.20673849214563,0.0,True
623,1042.5,478.1111111111111,420.6970021737163,235.32606216632175,0.0,True
624,1086.0,478.089552238806,429.4773545839089,200.03543285975874,0.0,True
625,1129.5,478.1111111111111,438.29271085232165,164.75353099546894,0.0,True
626,1172.5,478.1111111111111,446.9894404291035,129.87285466964502,0.0,True
627,1216.0,478.089552238806,455.7697928392962,94.58222536308202,19.8022,False
628,1259.0,478.089552238806,464.4665224160781,59.70154903725816,51.984337,False
629,1302.5,478.1111111111111,473.28187868449083,24.419647172968354,90.093094,False
630,415.48148148148147,491.962962962963,305.1191162224276,746.7515476029103,inf,False
631,459.0,492.38709677419354,314.26476488917206,711.5360363673944,72.20087,False
632,502.0,492.38709677419354,322.96149446595405,676.6553600415706,42.504505,False
633,545.5185185185185,491.962962962963,331.4190413147861,641.268312043984,17.3515,False
634,588.52,492.36,340.4381447017216,606.4666978334808,0.0,True
635,632.0,492.05882352941177,348.9876657489117,571.1357647308268,0.0,True
636,675.48,492.36,358.02575549895323,535.9266454900571,0.0,True
637,718.5185185185185,491.962962962963,366.4082091469553,500.93442822148336,0.0,True
638,761.4814814814815,491.962962962963,375.0974580589316,466.08375520270533,1.91,True
639,805.0,492.05882352941177,383.9768335810809,430.8018809083263,17.3866,False
640,848.5185185185185,491.962962962963,392.7006474023425,395.4812207248067,15.0623,False
641,891.5185185185185,491.962962962963,401.3973769791245,360.60054439898283,1.91,True
642,934.4814814814815,491.962962962963,410.08662589110077,325.7498713802048,0.0,True
643,978.0,492.05882352941177,418.96600141325007,290.4679970858258,0.955,True
644,1021.48,492.36,428.0040911632916,255.25887784505593,0.0,True
645,1064.5,492.2307692307692,436.6000561477307,220.33582915602338,0.0,True
646,1107.4814814814815,491.962962962963,445.0757813789386,185.41603706811193,0.0,True
647,1151.0,492.38709677419354,454.2214362178488,150.2005010773922,0.0,True
648,1194.5185185185185,491.962962962963,462.67899541101224,114.81340356939793,0.0,True
649,1237.5,491.92857142857144,471.3440731963401,79.94082237678194,35.7844,False
650,1280.4814814814815,491.962962962963,480.0649492111078,45.08215324561135,71.91297,False
651,1324.0,492.05882352941177,488.94433707758844,9.800229440824722,106.16663,False
652,394.0,504.61290322580646,311.03587650030636,766.7353084422709,inf,False
653,437.48,504.64,319.8516706920917,731.4707383984801,inf,False
654,480.5,504.7692307692308,328.65725657042447,696.5999803636398,64.090324,False
655,523.52,504.64,337.25322155486356,661.6769316746072,36.14251,False
656,567.0,504.94117647058823,346.2913113049051,626.4678124338373,15.8558,False
657,610.48,504.64,354.84083235209516,591.1368793311833,0.0,True
658,653.5,505.07142857142856,363.89157518615343,556.32721949788,0.0,True
659,696.52,504.64,372.24238938703274,521.3430478521066,0.0,True
660,740.0,504.61290322580646,381.01421216464473,486.06754079726977,0.0,True
661,783.48,504.64,389.83000018426435,450.8029955086828,0.0,True
662,826.52,504.64,398.53482764242005,415.8898403554299,0.955,True
663,869.52,504.64,407.23155721920193,381.00916402960604,0.0,True
664,913.0,504.61290322580646,416.0033799968139,345.73365697476925,0.0,True
665,956.48,504.64,424.81916801643354,310.46911168618226,0.0,True
666,999.52,504.64,433.52399547458924,275.55595653292926,0.0,True
667,1042.4814814814815,505.037037037037,442.53498863581956,240.78687066026296,0.0,True
668,1086.0,504.94117647058823,451.25881480141265,205.46616096633565,0.0,True
669,1129.48,504.64,459.8083358486027,170.1352278636817,0.0,True
670,1172.52,504.64,468.51316330675843,135.2220727104288,0.0,True
671,1216.0,504.94117647058823,477.55125305679985,100.01295346965892,20.125202,False
672,1259.0,504.94117647058823,486.24798263358184,65.13227714383507,52.398636,False
673,1302.48,504.64,494.7975036807719,29.80134404118118,89.55239,False
674,415.5,518.8888888888889,326.9646266210374,752.1822846963598,inf,False
675,459.0,518.9104477611941,335.7799581342463,716.9003766599044,86.090454,False
676,502.0,518.9104477611941,344.47668771102815,682.0197003340805,55.97982,False
677,545.5,518.8888888888889,353.2570648764246,646.7290771996832,32.3787,False
678,588.5,518.8888888888889,361.95379445320657,611.8484008738593,0.0,True
679,632.0,518.9104477611941,370.76912596641546,576.5664928374038,0.0,True
680,675.5,518.8888888888889,379.5495031318119,541.2758697030065,0.0,True
681,718.5,518.8888888888889,388.24623270859377,506.39519337718264,0.0,True
682,761.5,518.8888888888889,396.94296228537576,471.5145170513588,0.0,True
683,805.0,518.9104477611941,405.75829379858465,436.23260901490335,2.7386,True
684,848.5,518.8888888888889,414.5386709639811,400.94198588050585,0.0,True
685,891.5,518.8888888888889,423.23540054076295,366.0613095546821,0.0,True
686,934.5,518.8888888888889,431.93213011754494,331.18063322885826,0.0,True
687,978.0,518.9104477611941,440.7474616307537,295.8987251924027,0.0,True
688,1021.5,518.8888888888889,449.52783879615026,260.60810205800533,0.0,True
689,1064.5,518.8888888888889,458.22456837293214,225.7274257321815,0.0,True
690,1107.5,518.8888888888889,466.92129794971413,190.8467494063577,0.0,True
691,1151.0,518.9104477611941,475.7366294629229,155.56484136990215,0.0,True
692,1194.5,518.8888888888889,484.51700662831934,120.27421823550483,0.0,True
693,1237.5,518.8888888888889,493.2137362051013,85.39354190968098,36.1987,False
694,1280.5,518.8888888888889,501.9104657818833,50.51286558385712,72.397446,False
695,1324.0,518.9104477611941,510.7257972950921,15.23095754740163,107.66234,False
696,394.0,534.0588235294117,334.92177659566755,772.6907323534062,inf,False
697,437.51851851851853,533.9629629629629,343.6455965890949,737.3700474146829,inf,False
698,480.5,533.9285714285714,352.31070530179215,702.4974476390287,78.394226,False
699,523.4814814814815,533.9629629629629,361.03156890568744,667.6387228252847,49.11933,False
700,567.0,534.3870967741935,370.1772114002663,632.4232363449727,17.2251,False
701,610.5185185185185,533.9629629629629,378.63475824909835,597.0361883473861,0.0,True
702,653.5,534.2307692307693,387.54499916231737,562.2246806011033,0.0,True
703,696.52,534.36,396.35059121281586,527.3538978110591,0.0,True
704,740.0,534.0588235294117,404.9001122600059,492.0229647084052,0.955,True
705,783.5185185185185,533.9629629629629,413.62392608126754,456.70230452488556,15.9822,False
706,826.4814814814815,533.9629629629629,422.31317499324393,421.85163150610754,17.3866,False
707,869.4814814814815,533.9629629629629,431.0099045700258,386.9709551802837,1.91,True
708,913.0,534.0588235294117,439.8892800921751,351.6890808859047,0.955,True
709,956.5185185185185,533.9629629629629,448.6130939134367,316.36842070238504,1.91,True
710,999.4814814814815,533.9629629629629,457.3023428254131,281.517747683607,0.0,True
711,1042.52,534.36,466.32892687715423,246.68613016605806,0.0,True
712,1086.0,534.3870967741935,475.14471489677385,211.42158487747108,0.0,True
713,1129.5185185185185,533.9629629629629,483.6022740899373,176.0344873694768,0.0,True
714,1172.4814814814815,533.9629629629629,492.29149831325094,141.18391337151408,0.0,True
715,1216.0,534.3870967741935,501.43715315216104,105.96837738079435,20.539503,False
716,1259.0,534.3870967741935,510.13388272894304,71.0877010549705,53.767937,False
717,1302.5185185185185,533.9629629629629,518.5914419221065,35.700603546976225,90.92169,False
718,415.5,546.0,348.95655558153067,757.6654885555583,inf,False
719,459.0,545.9411764705883,357.70668188784293,722.3673230346985,inf,False
720,502.0,545.9411764705883,366.4034114646248,687.4866467088748,68.092964,False
721,545.5,546.0,375.24899383691786,652.2122810588816,38.396603,False
722,588.6206896551724,546.1034482758621,384.05404829779775,617.2546462987607,16.3965,False
723,632.0,546.0,392.74357775300246,582.0453391476314,0.0,True
724,675.3793103448276,546.1034482758621,401.60094749019606,546.8778792798205,0.0,True
725,718.3793103448276,546.1034482758621,410.29767706697805,511.99720295399663,0.0,True
726,761.5,546.0,418.93489124586904,476.9977209105573,0.0,True
727,805.0,546.0,427.73274558517164,441.7114553251308,0.0,True
728,848.5,546.0,436.53059992447436,406.42518973970436,0.0,True
729,891.5,546.0,445.22732950125624,371.5445134138805,0.0,True
730,934.5,546.0,453.9240590780382,336.66383708805665,0.0,True
731,978.0,546.0,462.72191341734083,301.3775715026302,0.0,True
732,1021.3793103448276,546.1034482758621,471.57928315453444,266.2101116348193,0.0,True
733,1064.5,546.2,480.37874293934794,231.25108196525454,0.0,True
734,1107.5,546.0,488.9132269102074,196.3299532655561,0.0,True
735,1151.0,545.9411764705883,497.6633532165197,161.03178774469635,0.0,True
736,1194.3793103448277,546.1034482758621,506.56843864237226,125.87627732272651,0.0,True
737,1237.5,546.0,515.2056651655946,90.87674576887943,36.739403,False
738,1280.6206896551723,546.1034482758621,524.0107319708058,55.91906149835083,73.28227,False
739,1324.0,545.9411764705883,532.6525210486889,20.69790392219582,105.87874,False
740,394.0,561.0,356.77586858121776,778.1395695940919,inf,False
741,437.5,557.5,362.7345981033021,742.1454306710203,inf,False
742,480.5,557.5,371.4313276800841,707.2647543451965,89.264496,False
743,523.5,557.5,380.1280572568661,672.3840780193727,59.568123,False
744,567.0,561.0,391.76503641338695,637.8056857715914,32.5051,False
745,610.5,557.5,397.7237659354713,601.8115468485198,0.0,True
746,653.5,557.5,406.4204955122533,566.930870522696,0.0,True
747,696.5,557.5,415.1172250890353,532.0501941968721,0.0,True
748,740.0,561.0,426.75420424555614,497.4718019490907,0.0,True
749,783.5,557.5,432.7129337676405,461.4776630260193,0.0,True
750,826.5,557.5,441.4096633444225,426.59698670019543,0.0,True
751,869.5,557.5,450.1063929212045,391.7163103743716,0.0,True
752,913.0,561.0,461.7433720777253,357.1379181265902,0.0,True
753,956.5,557.5,467.7021015998097,321.14377920351876,0.0,True
754,999.5,557.5,476.39883117659167,286.2631028776949,0.0,True
755,1042.5,557.5,485.09556075337366,251.38242655187102,0.0,True
756,1086.0,561.0,496.7325399098945,216.80403430408964,0.0,True
757,1129.5,557.5,502.69126943197887,180.8098953810182,0.0,True
758,1172.5,557.5,511.38799900876086,145.92921905519435,0.0,True
759,1216.0,561.0,523.0249781652817,111.35082680741297,21.1715,False
760,1259.0,561.0,531.7217077420636,76.47015048158912,52.93934,False
761,1302.5,557.5,537.680437264148,40.47601155851763,89.8052,False
762,437.5,564.5,368.4128477377386,743.5611773463104,inf,False
763,480.5,564.5,377.1095773145205,708.6805010204866,93.66029,False
764,523.5,564.5,385.8063068913025,673.7998246946628,63.96392,False
765,610.5,564.5,403.4020155699078,603.22729352381,0.955,True
766,653.5,564.5,412.0987451466897,568.346617197986,0.0,True
767,696.5,564.5,420.79547472347167,533.4659408721623,1.91,True
768,783.5,564.5,438.391183402077,462.89340970130934,1.91,True
769,826.5,564.5,447.08791297885887,428.0127333754855,2.3243,True
770,869.5,564.5,455.78464255564086,393.1320570496616,2.865,True
771,956.5,564.5,473.3803512342462,322.5595258788088,1.91,True
772,999.5,564.5,482.07708081102805,287.67884955298496,1.91,True
773,1042.5,564.5,490.77381038781004,252.79817322716113,1.3693,True
774,1129.5,564.5,508.36951906641536,182.22564205630826,0.0,True
775,1172.5,564.5,517.0662486431972,147.3449657304844,0.0,True
776,1302.5,564.5,543.3586868985846,41.891758233807735,89.96669,False
777,1064.5,575.1666666666666,503.8758873137132,237.1095781865324,0.0,True
778,1237.5,575.1666666666666,538.8650551458824,96.77569436403186,35.7844,False
779,415.64516129032256,575.6451612903226,373.0334186396602,763.5434438596262,inf,False
780,459.0,575.8333333333334,381.9545525736527,728.4129963524244,inf,False
781,502.0,575.8333333333334,390.65128215043467,693.5323200266006,85.13545,False
782,545.3548387096774,575.6451612903226,399.2671410829222,658.3257326170144,48.705032,False
783,588.5,576.0,408.2810789898559,623.399090484301,18.5944,False
784,632.0,575.8333333333334,416.94372040582186,588.0791125299238,0.0,True
785,675.5,576.0,425.87678766846125,552.8265593134481,0.0,True
786,718.5,576.0,434.57351724524324,517.9458829876243,1.91,True
787,761.6451612903226,575.6451612903226,443.01174813183286,482.8757009698289,1.91,True
788,805.0,575.8333333333334,451.93288823799105,447.7452287074233,1.91,True
789,848.3548387096774,575.6451612903226,460.5487471704787,412.5386412978372,16.5229,False
790,891.3548387096774,575.6451612903226,469.24547674726057,377.65796497201336,17.3866,False
791,934.6451612903226,575.6451612903226,478.00091596400205,342.5418171473284,15.0623,False
792,978.0,575.8333333333334,486.92205607016024,307.41134488492276,1.91,True
793,1021.5,576.0,495.8551233327996,272.15879166844707,0.955,True
794,1107.6451612903227,575.6451612903226,512.9900837961712,202.20793332482785,0.0,True
795,1151.0,576.0,522.0464368256662,167.11117343137286,0.0,True
796,1194.5,576.0,530.8442911649688,131.8249078459465,0.0,True
797,1280.5,576.0,548.2377503185327,62.0635551942988,72.039375,False
798,1324.0,576.0,557.0356046578353,26.777289608872394,107.535934,False
799,394.0,587.6129032258065,378.36369359433843,783.5220190207104,inf,False
800,437.51851851851853,588.0370370370371,387.5093422610829,748.3065077851945,inf,False
801,480.5,587.7692307692307,395.9850736644564,713.3866909420792,102.47303,False
802,523.4814814814815,588.0370370370371,404.89531457767544,678.5751831957964,70.831566,False
803,567.0,587.9411764705883,413.61912839893716,643.2545230122769,40.180202,False
804,610.48,587.64,422.16864944612723,607.9235899096229,16.2701,False
805,653.5,588.0714285714286,431.21936752498164,573.1139239041539,0.0,True
806,696.4814814814815,588.0370370370371,439.8844824098446,538.241299373296,0.0,True
807,740.0,587.6129032258065,448.3420292586768,502.8542513757094,0.0,True
808,783.48,587.64,457.1578172782964,467.5897060871224,0.0,True
809,826.52,587.64,465.8626447364521,432.6765509338694,0.0,True
810,869.52,587.64,474.559374313234,397.79587460804555,0.955,True
811,913.0,587.6129032258065,483.331197090846,362.52036755320876,0.0,True
812,956.48,587.64,492.1469851104656,327.25582226462177,0.0,True
813,999.52,587.64,500.8518125686213,292.3426671113689,0.0,True
814,1042.4814814814815,588.0370370370371,509.86280572985163,257.57358123870256,0.0,True
815,1086.0,587.6129032258065,518.3203649230152,222.18648373070826,0.0,True
816,1129.5185185185185,588.0370370370371,527.4660197619253,186.97094773998853,0.0,True
817,1172.52,587.64,535.8409804007905,152.00878328886833,0.0,True
818,1216.0,587.9411764705883,544.8790701508319,116.79966404809849,19.170202,False
819,1259.0,587.9411764705883,553.5757997276138,81.91898772227464,53.767937,False
820,1302.48,587.64,562.125320774804,46.58805461962069,90.50739,False
821,415.5,601.8888888888889,394.29244371506945,768.9689952747995,inf,False
822,459.0,601.9104477611941,403.10777522827823,733.687087238344,inf,False
823,502.0,601.9104477611941,411.8045048050602,698.80641091252,92.831696,False
824,545.5,601.8888888888889,420.58488197045665,663.5157877781227,63.135323,False
825,588.5,601.8888888888889,429.28161154723864,628.6351114522989,35.243702,False
826,632.0,601.9104477611941,438.0969430604474,593.3532034158434,0.955,True
827,675.5,601.8888888888889,446.87732022584385,558.062580281446,0.0,True
828,718.5,601.8888888888889,455.57404980262584,523.1819039556221,0.0,True
829,761.5,601.8888888888889,464.2707793794078,488.3012276297984,0.0,True
830,805.0,601.9104477611941,473.0861108926166,453.01931959334286,0.0,True
831,848.5,601.8888888888889,481.86648805801303,417.7286964589455,3.6936,True
832,891.5,601.8888888888889,490.563217634795,382.8480201331216,1.3693,True
833,934.5,601.8888888888889,499.259947211577,347.96734380729777,0.0,True
834,978.0,601.9104477611941,508.0752787247858,312.6854357708422,0.0,True
835,1021.5,601.8888888888889,516.8556558901822,277.39481263644495,0.0,True
836,1064.5,601.8888888888889,525.5523854669642,242.51413631062107,0.0,True
837,1107.5,601.8888888888889,534.2491150437462,207.6334599847972,0.0,True
838,1151.0,601.9104477611941,543.064446556955,172.35155194834172,0.0,True
839,1194.5,601.8888888888889,551.8448237223514,137.0609288139444,0.955,True
840,1237.5,601.8888888888889,560.5415532991334,102.18025248812054,37.568,False
841,1280.5,601.8888888888889,569.2382828759154,67.29957616229669,72.039375,False
842,1324.0,601.9104477611941,578.0536143891242,32.0176681258412,107.535934,False
843,567.0,617.0588235294117,437.2387615218688,649.1435591093453,51.029335,False
844,610.5185185185185,616.9629629629629,445.9625753431304,613.8228989258257,20.5044,False
845,653.5,616.9285714285714,454.6276902279934,578.9502743949677,0.0,True
846,783.5185185185185,616.9629629629629,480.9517431752996,473.4890151033251,0.0,True
847,826.4814814814815,616.9629629629629,489.6409920872759,438.63834208454705,2.865,True
848,869.4814814814815,616.9629629629629,498.3377216640579,403.7576657587232,16.4316,False
849,913.0,617.0588235294117,507.2170971862072,368.4757914643442,1.3693,True
850,956.5185185185185,616.9629629629629,515.9409110074688,333.15513128082455,0.955,True
851,1086.0,617.0588235294117,542.2062650183763,228.14190764184363,0.0,True
852,1172.4814814814815,616.9629629629629,559.6193154072829,157.9706239499536,0.0,True
853,1216.0,617.0588235294117,568.4987032737635,122.68870014516696,18.9736,False
854,1259.0,617.0588235294117,577.1954328505454,87.8080238193431,53.641533,False
855,437.48,617.36,411.2876896119068,754.2682989358723,inf,False
856,480.5,617.2307692307693,419.88364842418025,719.3452750020435,115.246124,False
857,523.52,617.36,428.6892404746786,684.4744922119992,85.54975,False
858,696.52,617.36,463.6784083068478,544.1406083894987,0.0,True
859,740.0,617.3870967741935,472.49419632646755,508.8760631009118,0.0,True
860,999.52,617.36,524.9600143944043,298.35351707032146,0.0,True
861,1042.52,617.36,533.6567439711862,263.4728407444976,0.0,True
862,1129.48,617.36,551.2443547684178,192.9327884010738,0.0,True
863,1302.48,617.36,586.233522600587,52.59890457857327,90.79529,False
864,415.5,629.0,416.2843726755626,774.452199133998,inf,False
865,459.0,629.0,425.08222701486534,739.1659335485715,inf,False
866,502.0,629.0,433.7789565916472,704.2852572227476,104.79733,False
867,545.3793103448276,629.1034482758621,442.63632632884094,669.1177973549368,71.78657,False
868,588.6206896551724,629.1034482758621,451.3818653918297,634.0413568772002,41.675903,False
869,632.0,629.0,460.0713948470345,598.8320497260709,15.9822,False
870,675.5,629.0,468.86924918633713,563.5457841406444,0.0,True
871,718.3793103448276,629.1034482758621,477.6254941610101,528.7839135324363,0.0,True
872,761.6206896551724,629.1034482758621,486.3710332239989,493.7074730546997,0.0,True
873,805.0,628.9411764705883,495.0128346462134,458.486265968137,0.0,True
874,848.5,629.0,503.8584170185063,423.2119003181439,0.0,True
875,891.5,629.0,512.5551465952883,388.33122399232,0.0,True
876,934.6206896551724,629.1034482758621,521.3602010561681,353.37358923219915,0.0,True
877,978.0,628.9411764705883,530.0020024783826,318.15238214563647,0.0,True
878,1021.3793103448276,629.1034482758621,538.9071002485665,282.99682221325895,0.0,True
879,1064.5,629.0,547.5443144274575,247.99734016981947,0.0,True
880,1107.6206896551723,629.1034482758621,556.3493812326686,213.03965589929098,0.0,True
881,1151.0,629.0,565.0388983435421,177.83039825856926,0.0,True
882,1194.3793103448277,629.1034482758621,573.8962557364044,142.66298790116608,0.955,True
883,1237.5,629.2,582.6957278655492,107.70390872119353,37.0273,False
884,1280.5,629.0,591.2302118364086,72.78278002149514,73.76675,False
885,437.5,640.5,430.0624151973342,758.9321412494598,inf,False
886,480.5,640.5,438.7591447741162,724.0514649236361,inf,False
887,523.5,640.5,447.45587435089806,689.1707885978122,92.5438,False
888,567.0,644.0,459.092853507419,654.5923963500309,65.04533,False
889,610.5,640.5,465.0515830295034,618.5982574269594,32.2523,False
890,653.5,640.5,473.74831260628537,583.7175811011355,0.0,True
891,696.5,640.5,482.44504218306724,548.8369047753117,0.0,True
892,740.0,644.0,494.0820213395881,514.2585125275303,0.0,True
893,783.5,640.5,500.04075086167256,478.2643736044588,0.0,True
894,826.5,640.5,508.73748043845455,443.38369727863505,0.0,True
895,869.5,640.5,517.4342100152364,408.5030209528112,0.0,True
896,913.0,644.0,529.0711891717573,373.9246287050297,0.0,True
897,956.5,640.5,535.0299186938418,337.9304897819583,0.0,True
898,999.5,640.5,543.7266482706237,303.0498134561344,0.0,True
899,1042.5,640.5,552.4233778474056,268.16913713031056,0.0,True
900,1086.0,644.0,564.0603570039265,233.5907448825292,0.0,True
901,1129.5,640.5,570.0190865260109,197.59660595945772,0.0,True
902,1172.5,640.5,578.7158161027929,162.71592963363386,0.0,True
903,1216.0,644.0,590.3527952593139,128.13753738585248,22.449503,False
904,1259.0,644.0,599.0495248360957,93.25686106002863,57.981113,False
905,1302.5,640.5,605.0082543581801,57.262722136957194,94.84696,False
906,437.5,647.5,435.7406648317707,760.34788792475,inf,False
907,480.5,647.5,444.43739440855256,725.4672115989263,inf,False
908,523.5,647.5,453.13412398533455,690.5865352731023,96.9396,False
909,610.5,647.5,470.7298326639399,620.0140041022495,30.721498,False
910,653.5,647.5,479.42656224072175,585.1333277764256,0.955,True
911,696.5,647.5,488.12329181750374,550.2526514506018,0.955,True
912,783.5,647.5,505.71900049610906,479.68012027974896,2.865,True
913,826.5,647.5,514.4157300728909,444.7994439539251,2.3243,True
914,869.5,647.5,523.1124596496729,409.91876762810125,3.2793,True
915,956.5,647.5,540.7081683282782,339.3462364572483,2.865,True
916,999.5,647.5,549.4048979050601,304.46556013142447,0.955,True
917,1042.5,647.5,558.1016274818421,269.5848838056007,0.955,True
918,1129.5,647.5,575.6973361604474,199.01235263474783,0.955,True
919,1172.5,647.5,584.3940657372294,164.13167630892397,0.0,True
920,1302.5,647.5,610.6865039926166,58.6784688122473,95.42275,False
921,588.6206896551724,658.8965517241379,475.5493806859971,640.066995345125,47.75003,False
922,675.3793103448276,658.8965517241379,493.0962798783954,569.6902283261848,0.0,True
923,1021.3793103448276,658.8965517241379,563.0746155427338,289.0224606811836,0.0,True
924,1064.5,658.8,571.7174243976909,254.02437354718816,0.0,True
925,1151.0,659.0588235294117,589.4219819526885,183.90978394524583,0.0,True
926,1194.3793103448277,658.8965517241379,598.0637710305717,148.68862636909077,17.0636,False
927,1237.5,658.8,606.7065922298601,113.69048972468764,44.484715,False
928,1280.6206896551723,658.8965517241379,615.5060643590051,78.73141054471509,78.394226,False
929,415.5,659.0,440.6197282517188,780.5196848852411,inf,False
930,459.0,659.0,449.4175825910215,745.2334192998146,inf,False
931,502.0,659.0,458.1143121678034,710.3527429739909,117.15613,False
932,545.5,659.0,466.9121665071061,675.0664773885644,84.903786,False
933,632.0,659.0,484.4067504231907,604.8995354773141,17.6394,False
934,718.5,659.0,501.9013343392753,534.7325935660638,0.0,True
935,761.5,659.0,510.5980639160572,499.85191724024,1.3693,True
936,805.0,659.0,519.3959182553599,464.56565165481356,0.0,True
937,848.5,659.0,528.1937725946625,429.2793860693871,0.955,True
938,891.5,659.0,536.8905021714444,394.39870974356324,0.955,True
939,934.5,659.0,545.5872317482264,359.5180334177394,0.955,True
940,978.0,659.0,554.385086087529,324.23176783231304,0.0,True
941,1107.5,659.0,580.5763995803956,219.1841495952389,0.0,True
942,437.51851851851853,671.0370370370371,454.837159355115,765.0932183636342,inf,False
943,480.5,670.7692307692307,463.3128907584885,730.1734015205188,inf,False
944,523.52,670.64,471.9088557429277,695.2503528314862,101.93233,False
945,567.0,670.6129032258065,480.6806785205397,659.9748457766495,68.92156,False
946,610.5185185185185,671.0370370370371,489.8263210151184,624.7593592963374,39.225204,False
947,653.5,670.7692307692307,498.3020585906577,589.8395176980182,16.2701,False
948,696.52,670.64,506.8980235750969,554.9164690089857,0.0,True
949,740.0,670.9411764705883,515.9361133251383,519.7073497682159,0.0,True
950,783.5185185185185,671.0370370370371,524.8154888472876,484.42547547383685,0.0,True
951,826.4814814814815,671.0370370370371,533.504737759264,449.57480245505883,0.0,True
952,869.4814814814815,671.0370370370371,542.2014673360459,414.694126129235,0.0,True
953,913.0,670.9411764705883,550.9252811573075,379.37346594571534,0.0,True
954,956.5185185185185,671.0370370370371,559.8046566794568,344.09159165133633,0.0,True
955,999.4814814814815,671.0370370370371,568.4939055914332,309.2409186325582,0.0,True
956,1042.52,670.64,576.8763592394351,274.24870136398465,0.0,True
957,1086.0,670.9411764705883,585.9144489894767,239.03958212321479,0.0,True
958,1129.48,670.64,594.4639700366669,203.70864902056084,0.0,True
959,1172.4814814814815,671.0370370370371,603.4830610792709,168.90708432046537,0.0,True
960,1216.0,670.9411764705883,612.2068872448639,133.58637462653806,34.2887,False
961,1259.0,670.9411764705883,620.9036168216459,98.7056983007142,64.06923,False
962,1302.48,670.64,629.453137868836,63.37476519806026,99.060135,False
963,459.0,686.0895522388059,471.3920343776085,750.7122656100422,inf,False
964,502.0,686.0895522388059,480.0887639543905,715.8315892842184,121.987366,False
965,545.5,686.1111111111111,488.9040954675994,680.5496812477628,92.29099,False
966,588.5,686.1111111111111,497.6008250443813,645.669004921939,62.59462,False
967,632.0,686.0895522388059,506.3812022097777,610.3783817875417,34.4151,False
968,675.5,686.1111111111111,515.1965337229866,575.0964737510861,0.955,True
969,718.5,686.1111111111111,523.8932632997686,540.2157974252623,0.0,True
970,761.5,686.1111111111111,532.5899928765505,505.3351210994384,0.0,True
971,805.0,686.0895522388059,541.3703700419469,470.04449796504105,0.0,True
972,848.5,686.1111111111111,550.1857015551558,434.7625899285856,0.0,True
973,891.5,686.1111111111111,558.8824311319378,399.88191360276176,0.0,True
974,934.5,686.1111111111111,567.5791607087198,365.0012372769379,0.0,True
975,978.0,686.0895522388059,576.3595378741162,329.7106141425405,0.0,True
976,1021.5,686.1111111111111,585.174869387325,294.428706106085,0.0,True
977,1064.5,686.1111111111111,593.871598964107,259.5480297802611,0.0,True
978,1107.5,686.1111111111111,602.568328540889,224.66735345443735,0.0,True
979,1151.0,686.0895522388059,611.3487057062854,189.37673032003997,0.0,True
980,1194.5,686.1111111111111,620.1640372194942,154.09482228358448,20.125202,False
981,1237.5,686.1111111111111,628.8607667962762,119.21414595776062,55.656815,False
982,1280.5,686.1111111111111,637.5574963730581,84.33346963193677,86.51874,False
983,437.51851851851853,699.9629629629629,478.30123077715893,770.9434685715619,inf,False
984,480.5,700.2307692307693,487.2114655182123,736.131985580483,inf,False
985,523.4814814814815,699.9629629629629,495.6872030937516,701.2121439821639,114.29112,False
986,567.0,700.3870967741935,504.8328455883303,665.9966575018518,84.59475,False
987,610.5185185185185,699.9629629629629,513.2903924371625,630.6096095042652,51.570038,False
988,653.5,700.2307692307693,522.2006333503815,595.7981017579824,21.4594,False
989,696.4814814814815,699.9629629629629,530.6763709259208,560.8782601596633,0.0,True
990,740.0,700.0588235294117,539.55574644807,525.5963858652843,0.955,True
991,783.48,700.36,548.5938361981115,490.3872666245145,0.0,True
992,826.52,700.36,557.2986636562672,455.4741114712615,0.0,True
993,869.52,700.36,565.995393233049,420.59343514543775,0.955,True
994,913.0,700.3870967741935,574.8111812526687,385.32888985685065,0.955,True
995,956.48,700.36,583.5830040302807,350.05338280201397,0.0,True
996,999.4814814814815,699.9629629629629,591.9579770134773,315.09116884048603,0.0,True
997,1042.4814814814815,699.9629629629629,600.6546942459278,280.2105420250699,0.0,True
998,1086.0,700.3870967741935,609.8003490848379,244.99500603435015,0.0,True
999,1129.5185185185185,699.9629629629629,618.2579082780013,209.60790852635589,0.0,True
1000,1172.4814814814815,699.9629629629629,626.947132501315,174.75733452839316,16.9723,False
1001,1216.0,700.3870967741935,636.0927873402251,139.54179853767346,41.205414,False
1002,1259.0,700.0588235294117,644.5232499445775,104.59473439778267,75.655624,False
1003,459.0,712.9411764705883,493.1734945951123,756.1429937166191,inf,False
1004,502.0,712.6129032258065,501.6039571994646,721.1959295767283,135.8769,False
1005,545.48,712.64,510.41974521908435,685.9313842881413,105.338036,False
1006,588.4814814814815,713.0370370370371,519.4388486060197,651.1297700776381,72.74157,False
1007,632.0,712.6129032258065,527.8963954548519,615.7427220800516,43.045204,False
1008,675.5185185185185,713.0370370370371,537.0420379494307,580.5272355997395,16.0173,False
1009,718.48,712.64,545.4089130512535,545.5975004656408,0.0,True
1010,761.52,712.64,554.1137405094091,510.6843453123878,0.0,True
1011,805.0,712.6129032258065,562.8855632870211,475.408838257551,0.0,True
1012,848.5185185185185,713.0370370370371,572.0312057815999,440.19335177723895,0.0,True
1013,891.48,712.64,580.3980808834227,405.26361664314027,0.0,True
1014,934.52,712.64,589.1029083415782,370.35046148988727,0.0,True
1015,978.0,712.6129032258065,597.8747311191902,335.0749544350505,0.0,True
1016,1021.5185185185185,713.0370370370371,607.020373613769,299.8594679547384,0.0,True
1017,1064.5,713.0714285714286,615.7412372176644,265.0007431409945,0.0,True
1018,1107.52,712.64,624.0920761737474,230.0165776673867,0.0,True
1019,1151.0,712.9411764705883,633.1301659237889,194.80745842661688,0.0,True
1020,1194.5185185185185,713.0370370370371,642.0095537902697,159.5255346218302,34.703,False
1021,1237.5,713.0714285714286,650.7304050498336,124.66685931849398,61.744926,False
1022,1280.52,712.64,659.0812440059166,89.68269384488619,95.78084,False
1023,437.5,724.0,497.79582155096887,775.8199765904202,inf,False
1024,480.5,726.8888888888889,508.83597774341376,741.5235821566412,inf,False
1025,523.5,726.8888888888889,517.5327073201956,706.6429058308173,125.80737,False
1026,567.0,726.9104477611941,526.3480388334045,671.3609977943618,94.7417,False
1027,610.5,726.8888888888889,535.128415998801,636.0703746599644,65.04533,False
1028,653.5,726.8888888888889,543.825145575583,601.1896983341405,32.090797,False
1029,696.5,726.8888888888889,552.5218751523648,566.3090220083168,0.0,True
1030,740.0,726.9104477611941,561.3372066655737,531.0271139718612,0.0,True
1031,783.5,726.8888888888889,570.1175838309701,495.73649083746386,0.0,True
1032,826.5,726.8888888888889,578.8143134077521,460.85581451164,0.0,True
1033,869.5,726.8888888888889,587.5110429845339,425.97513818581615,0.0,True
1034,913.0,726.9104477611941,596.3263744977429,390.6932301493607,0.0,True
1035,956.5,726.8888888888889,605.1067516631393,355.40260701496334,0.0,True
1036,999.5,726.8888888888889,613.8034812399213,320.5219306891395,0.0,True
1037,1042.5,726.8888888888889,622.5002108167031,285.6412543633156,0.0,True
1038,1086.0,726.9104477611941,631.3155423299121,250.35934632686016,0.0,True
1039,1129.5,726.8888888888889,640.0959194953085,215.06872319246278,0.0,True
1040,1172.5,726.8888888888889,648.7926490720905,180.18804686663893,20.665903,False
1041,1216.0,726.9104477611941,657.6079805852993,144.90613883018344,55.656815,False
1042,1259.0,726.9104477611941,666.3047101620813,110.02546250435958,82.28444,False
1043,459.0,742.0588235294117,516.7931277180438,762.0320298136876,inf,False
1044,502.0,742.3870967741935,525.7561242672554,727.2177413019307,inf,False
1045,545.48,742.36,534.5279470448673,691.9422342470939,118.52543,False
1046,588.4814814814815,741.9629629629629,542.9029200280638,656.9800202855661,85.98519,False
1047,632.0,742.0588235294117,551.782295550213,621.698145991187,49.660034,False
1048,675.5185185185185,741.9629629629629,560.5061093714747,586.3774858076673,15.0623,False
1049,718.48,742.36,569.5171148770365,551.6083504245934,0.0,True
1050,761.4814814814815,741.9629629629629,577.8920878602329,516.6461364630654,0.955,True
1051,805.0,742.0588235294117,586.7714633823822,481.3642621686864,0.0,True
1052,848.5185185185185,741.9629629629629,595.4952772036439,446.0436019851668,0.0,True
1053,891.5185185185185,741.9629629629629,604.1920067804259,411.16292565934293,0.0,True
1054,934.4814814814815,741.9629629629629,612.8812556924021,376.3122526405649,0.0,True
1055,978.0,742.3870967741935,622.0268981869809,341.09676616025286,0.0,True
1056,1021.48,742.36,630.7987209645929,305.82125910541606,0.0,True
1057,1064.5,741.9285714285714,639.1495599206761,270.8370936318082,0.0,True
1058,1107.52,742.36,648.2002779995306,236.0274276263393,0.0,True
1059,1151.0,742.0588235294117,656.7497990467206,200.69649452368535,17.0636,False
1060,1194.5185185185185,741.9629629629629,665.4736252123138,165.37578482975803,42.160416,False
1061,1237.5,741.9285714285714,674.1387277528453,130.50320980930772,75.655624,False
1062,480.5,754.0714285714286,530.8858338808766,747.0212288835336,inf,False
1063,523.52,753.64,539.2366728369598,712.0370634099258,139.2826,False
1064,567.0,753.6129032258065,548.0084956145716,676.7615563550889,103.01373,False
1065,610.5185185185185,754.0370370370371,557.1541381091505,641.546069874777,70.19955,False
1066,653.5,753.7692307692307,565.6298756846899,606.6262282764578,33.0458,False
1067,696.4814814814815,754.0370370370371,574.5401165979086,571.814720530175,2.7386,True
1068,740.0,753.9411764705883,583.2639304191704,536.4940603466554,0.0,True
1069,783.48,753.64,591.8134514663606,501.16312724400143,0.0,True
1070,826.52,753.64,600.5182789245163,466.24997209074854,0.0,True
1071,869.52,753.64,609.215008501298,431.3692957649247,0.0,True
1072,913.0,753.6129032258065,617.98683127891,396.0937887100879,0.0,True
1073,956.48,753.64,626.8026192985297,360.8292434215009,0.0,True
1074,999.4814814814815,754.0370370370371,635.8217226854653,326.0276292109978,0.0,True
1075,1042.52,753.64,644.2041763334672,291.03541194242416,0.0,True
1076,1086.0,753.6129032258065,652.9759991110792,255.75990488758734,0.0,True
1077,1129.48,753.64,661.7917871306989,220.49535959900035,0.0,True
1078,1172.4814814814815,754.0370370370371,670.810878173303,185.69379489890488,34.703,False
1079,1216.0,753.6129032258065,679.2684373664664,150.30669739091067,61.744926,False
1080,1259.0,753.6129032258065,687.9651669432484,115.42602106508681,96.73584,False
1081,502.0,769.0895522388059,547.4165810484225,732.618299862658,inf,False
1082,545.5,769.1111111111111,556.2319125616315,697.3363918262023,122.94237,False
1083,588.5,769.1111111111111,564.9286421384134,662.4557155003786,85.98519,False
1084,632.0,769.0895522388059,573.7090193038097,627.1650923659812,50.488632,False
1085,675.5,769.1111111111111,582.5243508170187,591.8831843295256,20.7923,False
1086,718.5,769.1111111111111,591.2210803938007,557.0025080037018,0.0,True
1087,761.5,769.1111111111111,599.9178099705827,522.1218316778779,0.0,True
1088,805.0,769.0895522388059,608.6981871359789,486.83120854348067,0.0,True
1089,848.5,769.1111111111111,617.5135186491879,451.5493005070251,0.0,True
1090,891.5,769.1111111111111,626.2102482259698,416.66862418120127,0.0,True
1091,934.5,769.1111111111111,634.9069778027518,381.7879478553774,0.0,True
1092,978.0,769.0895522388059,643.687354968148,346.49732472098003,0.0,True
1093,1021.5,769.1111111111111,652.502686481357,311.2154166845246,0.0,True
1094,1064.5,769.1111111111111,661.199416058139,276.33474035870074,0.0,True
1095,1107.5,769.1111111111111,669.896145634921,241.45406403287686,0.0,True
1096,1151.0,769.0895522388059,678.6765228003172,206.16344089847948,20.7572,False
1097,1194.5,769.1111111111111,687.4918543135262,170.88153286202405,52.52504,False
1098,1237.5,769.1111111111111,696.1885838903082,136.0008565362002,83.780136,False
1099,610.5185185185185,782.9629629629629,580.6182095311946,647.3963200827047,72.48876,False
1100,696.4814814814815,782.9629629629629,598.0041880199527,577.6649707381029,16.4316,False
1101,999.4814814814815,782.9629629629629,659.2857941075093,331.87787941892566,0.0,True
1102,1042.4814814814815,782.9629629629629,667.9825113399598,296.9972526035094,0.0,True
1103,1129.5185185185185,782.9629629629629,685.5857253720334,226.39461910479545,0.0,True
1104,1172.4814814814815,782.9629629629629,694.274949595347,191.54404510683273,35.370102,False
1105,480.5,783.2307692307693,554.5392826122444,752.9186961589226,inf,False
1106,523.52,783.36,563.3448746627428,718.0479133688783,140.29382,False
1107,567.0,783.3870967741935,572.1606626823624,682.7833680802914,103.14014,False
1108,653.5,783.2307692307693,589.5284504444136,612.584812336422,43.747406,False
1109,740.0,783.3870967741935,607.1498305145316,542.4494842577908,0.0,True
1110,783.48,783.36,615.9216532921436,507.173977202954,0.0,True
1111,826.52,783.36,624.6264807502993,472.2608220497011,0.0,True
1112,869.52,783.36,633.323210327081,437.38014572387726,0.0,True
1113,913.0,783.3870967741935,642.1389983467008,402.1156004352903,0.0,True
1114,956.48,783.36,650.9108211243127,366.8400933804535,0.0,True
1115,1086.0,783.3870967741935,677.12816617887,261.78171661278975,0.0,True
1116,1216.0,783.3870967741935,703.4206044342571,156.32850911611305,70.670074,False
1117,502.0,795.6129032258065,568.9317742934967,737.9826401551679,inf,False
1118,545.5185185185185,796.0370370370371,578.0774167880755,702.7671536748558,124.72597,False
1119,588.4814814814815,796.0370370370371,586.7666657000519,667.9164806560777,95.029594,False
1120,632.0,795.6129032258065,595.2242125488839,632.5294326584911,64.91892,False
1121,675.5185185185185,796.0370370370371,604.3698550434627,597.3139461781791,32.090797,False
1122,718.48,795.64,612.7367301452856,562.3842110440803,0.955,True
1123,761.52,795.64,621.4415576034411,527.4710558908274,0.0,True
1124,805.0,795.9411764705883,630.4796473534826,492.2619366500576,0.0,True
1125,848.5185185185185,796.0370370370371,639.3590228756319,456.98006235567857,0.0,True
1126,891.5185185185185,796.0370370370371,648.0557524524139,422.0993860298547,0.0,True
1127,934.52,795.64,656.4307254356103,387.1371720683268,0.0,True
1128,978.0,795.6129032258065,665.2025482132223,351.86166501349,0.0,True
1129,1021.5185185185185,796.0370370370371,674.3481907078011,316.64617853317804,0.0,True
1130,1064.5,796.0714285714286,683.0690543116965,281.7874537194341,0.0,True
1131,1107.4814814814815,796.0370370370371,691.734156852228,246.91487869898376,0.0,True
1132,1151.0,795.6129032258065,700.1917160453914,211.5277811909895,17.19,False
1133,1194.48,795.64,709.0075040650112,176.2632359024025,53.641533,False
1134,523.5,809.8888888888889,584.8605244142276,723.4296164092568,inf,False
1135,567.0,809.9104477611941,593.6758559274366,688.1477083728014,117.029724,False
1136,610.5,809.8888888888889,602.456233092833,652.8570852384039,86.39949,False
1137,653.5,809.8888888888889,611.152962669615,617.9764089125802,49.660034,False
1138,696.5,809.8888888888889,619.8496922463968,583.0957325867563,19.9637,False
1139,740.0,809.9104477611941,628.6650237596058,547.8138245503008,0.0,True
1140,783.5,809.8888888888889,637.4454009250022,512.5232014159034,0.0,True
1141,826.5,809.8888888888889,646.1421305017842,477.64252509007963,0.0,True
1142,869.5,809.8888888888889,654.838860078566,442.7618487642558,0.0,True
1143,913.0,809.9104477611941,663.654191591775,407.4799407278002,0.0,True
1144,956.5,809.8888888888889,672.4345687571714,372.18931759340285,0.0,True
1145,999.5,809.8888888888889,681.1312983339534,337.308641267579,0.0,True
1146,1042.5,809.8888888888889,689.8280279107352,302.42796494175514,0.0,True
1147,1086.0,809.9104477611941,698.6433594239442,267.1460569052997,0.0,True
1148,1129.5,809.8888888888889,707.4237365893406,231.8554337709023,0.955,True
1149,1172.5,809.8888888888889,716.1204661661226,196.97475744507844,36.486603,False
1150,1216.0,809.9104477611941,724.9357976793314,161.692849408623,73.64034,False
1151,588.4814814814815,824.9629629629629,610.2307371220958,673.7667308640056,103.14014,False
1152,675.5185185185185,824.9629629629629,627.8339264655068,603.1641963861068,42.378105,False
1153,761.4814814814815,824.9629629629629,645.219904954265,533.432847041505,0.0,True
1154,805.0,825.0588235294117,654.0992804764143,498.15097274712605,0.0,True
1155,848.5185185185185,824.9629629629629,662.823094297676,462.8303125636064,0.0,True
1156,891.5185185185185,824.9629629629629,671.519823874458,427.94963623778256,0.0,True
1157,934.4814814814815,824.9629629629629,680.2090727864341,393.0989632190044,0.0,True
1158,1021.5185185185185,824.9629629629629,697.8122621298452,322.4964287411058,0.0,True
1159,1064.5,824.9285714285714,706.4773770147082,287.62380421024784,0.0,True
1160,1107.4814814814815,824.9629629629629,715.1982282742721,252.7651289069116,0.0,True
1161,1151.0,825.0588235294117,724.0776161407526,217.4832051021249,22.863804,False
1162,1194.5185185185185,824.9629629629629,732.8014423063456,182.1624954081976,57.854713,False
1163,545.48,825.36,601.8557641388994,708.7289448255335,139.87953,False
1164,632.0,825.3870967741935,619.3763796166746,638.5512443836935,73.029465,False
1165,718.48,825.36,636.8449319710686,568.3950610030329,16.0173,False
1166,978.0,825.3870967741935,689.354715281013,357.88347673869237,0.0,True
1167,523.5,837.0,606.852453374721,728.9128202684553,inf,False
1168,567.0,837.0,615.6503077140236,693.6265546830289,124.31167,False
1169,610.5,837.0,624.4481620533262,658.3402890976024,93.245995,False
1170,653.5,837.2,633.3071372360308,623.5000651456531,64.50462,False
1171,696.5,837.0,641.8416212068902,588.5789364459547,34.0008,False
1172,740.0,836.9411764705883,650.5917475132024,553.280770925095,0.955,True
1173,783.3793103448276,837.1034482758621,659.4968452833865,518.1252109927175,0.0,True
1174,826.5,837.0,668.1340594622774,483.125728949278,0.0,True
1175,869.5,837.0,676.8307890390594,448.24505262345417,0.0,True
1176,913.0,837.0,685.628643378362,412.9587870380277,0.0,True
1177,956.3793103448276,837.1034482758621,694.4860131155557,377.79132717021685,0.0,True
1178,999.6206896551724,837.1034482758621,703.2315521785446,342.7148866924804,0.0,True
1179,1042.5,837.0,711.8199568712286,307.91116880095365,0.0,True
1180,1086.0,836.9411764705883,720.5700831775408,272.61300328009384,0.0,True
1181,1129.3793103448277,837.1034482758621,729.4751686033934,237.45749285812403,18.0186,False
1182,1172.5,837.0,738.1123951266158,202.4579613042769,42.448315,False
1183,545.5,848.5,620.6304958964926,713.3927623839172,144.52812,False
1184,588.5,848.5,629.3272254732746,678.5120860580935,115.37253,False
1185,632.0,852.0,640.9642046297953,643.9336938103121,86.91905,False
1186,675.5,848.5,646.9229341518798,607.9395548872407,50.074333,False
1187,718.5,848.5,655.6196637286617,573.0588785614168,19.1351,False
1188,761.5,848.5,664.3163933054437,538.178202235593,0.0,True
1189,805.0,852.0,675.9533724619645,503.59980998781157,0.0,True
1190,848.5,848.5,681.912101984049,467.60567106474014,0.0,True
1191,891.5,848.5,690.6088315608309,432.7249947389163,0.0,True
1192,934.5,848.5,699.3055611376129,397.8443184130924,0.0,True
1193,978.0,852.0,710.9425402941337,363.26592616531093,0.0,True
1194,1021.5,848.5,716.9012698162181,327.2717872422395,0.0,True
1195,1064.5,848.5,725.5979993930001,292.39111091641564,0.0,True
1196,1107.5,848.5,734.2947289697821,257.5104345905919,0.0,True
1197,1151.0,852.0,745.9317081263029,222.93204234281043,36.360203,False
1198,545.5,855.5,626.3087455309291,714.8085090592074,148.50958,False
1199,588.5,855.5,635.0054751077108,679.9278327333836,118.813324,False
1200,675.5,855.5,652.6011837863163,609.3553015625307,52.272232,False
1201,718.5,855.5,661.2979133630982,574.4746252367069,22.1616,False
1202,761.5,855.5,669.99464293988,539.593948910883,0.955,True
1203,848.5,855.5,687.5903516184854,469.0214177400302,0.955,True
1204,891.5,855.5,696.2870811952674,434.14074141420633,0.955,True
1205,934.5,855.5,704.9838107720492,399.2600650883825,0.955,True
1206,1021.5,855.5,722.5795194506546,328.68753391752955,0.955,True
1207,1064.5,855.5,731.2762490274366,293.8068575917058,0.955,True
1208,1107.5,855.5,739.9729786042184,258.92618126588195,4.775,True
1209,567.0,867.0588235294117,640.0333913231701,699.7059403697054,139.98479,False
1210,610.3793103448276,866.8965517241379,648.6751927453846,664.4847332831428,103.14014,False
1211,653.5,866.8,657.3180016003417,629.4866461491472,73.029465,False
1212,740.0,867.0588235294117,675.0225591553393,559.3720565472049,17.0987,False
1213,783.3793103448276,866.8965517241379,683.6643605775538,524.1508494606421,0.0,True
1214,913.0,867.0588235294117,710.0117269875085,419.0381727247043,0.0,True
1215,956.3793103448276,866.8965517241379,718.653528409723,383.8169656381416,0.0,True
1216,999.6206896551724,866.8965517241379,727.3990674727119,348.7405251604051,0.0,True
1217,696.5,867.0,666.1769767830464,594.6464221971979,44.288105,False
1218,826.5,867.0,692.4694150384336,489.19321470052125,0.0,True
1219,869.5,867.0,701.1661446152156,454.3125383746974,0.0,True
1220,1042.5,867.0,736.1553124473847,313.9786545521969,0.0,True
1221,1086.0,867.0,744.9531667866873,278.6923889667704,2.865,True
1222,1129.5,867.0,753.75102112599,243.40612338134397,24.359505,False
1223,588.52,878.64,653.780206865304,684.5916502917675,125.26667,False
1224,632.0,878.6129032258065,662.552029642916,649.3161432369307,94.615295,False
1225,675.48,878.64,671.3678176625357,614.0515979483437,64.50462,False
1226,718.48,878.64,680.0645472393174,579.1709216225199,34.1272,False
1227,761.4814814814815,879.0370370370371,689.083650626253,544.3693074120167,0.955,True
1228,805.0,878.6129032258065,697.5411974750851,508.98225941443013,0.0,True
1229,848.48,878.64,706.3569854947049,473.71771412584314,0.0,True
1230,891.48,878.64,715.0537150714866,438.8370378000193,0.0,True
1231,934.4814814814815,879.0370370370371,724.0728184584221,404.0354235895162,0.0,True
1232,978.0,878.9411764705883,732.7966322796839,368.71476340599656,0.0,True
1233,1021.48,878.64,741.3461533268741,333.3838303033426,0.0,True
1234,1064.5,879.0714285714286,750.3968714057286,298.5741642978736,2.865,True
1235,1107.4814814814815,879.0370370370371,759.0619739462601,263.7015892774233,21.620903,False
1236,610.5,894.1111111111111,670.7754465899758,669.890978708044,117.984726,False
1237,653.5,894.1111111111111,679.4721761667578,635.0103023822203,87.874054,False
1238,696.5,894.1111111111111,688.1689057435395,600.1296260563964,52.93934,False
1239,740.0,894.0895522388059,696.9492829089362,564.839002921999,23.243,False
1240,783.5,894.1111111111111,705.764614422145,529.5570948855435,2.3243,True
1241,826.5,894.1111111111111,714.461343998927,494.67641855971965,0.0,True
1242,869.5,894.1111111111111,723.1580735757087,459.7957422338959,0.0,True
1243,913.0,894.0895522388059,731.9384507411052,424.50511909949853,0.0,True
1244,956.5,894.1111111111111,740.7537822543142,389.223211063043,0.0,True
1245,999.5,894.1111111111111,749.4505118310962,354.3425347372191,0.0,True
1246,1042.5,894.1111111111111,758.1472414078779,319.46185841139527,2.865,True
1247,1086.0,894.0895522388059,766.9276185732743,284.1712352769979,24.071604,False
1248,1129.5,890.5,772.8137163273124,248.15898721981782,40.433006,False
1249,632.0,908.0588235294117,686.4379297382771,655.2715671480661,105.05014,False
1250,675.5185185185185,907.9629629629629,695.1617435595389,619.9509069645464,74.93947,False
1251,718.48,908.36,704.1727490651004,585.1817715814724,45.243107,False
1252,761.4814814814815,907.9629629629629,712.547722048297,550.2195576199446,22.7023,False
1253,805.0,908.0588235294117,721.4270975704463,514.9376833255656,2.865,True
1254,848.5185185185185,907.9629629629629,730.1509113917081,479.6170231420459,0.0,True
1255,891.5185185185185,907.9629629629629,738.8476409684898,444.73634681622207,0.0,True
1256,934.4814814814815,907.9629629629629,747.5368898804662,409.88567379744404,0.0,True
1257,978.0,908.0588235294117,756.4162654026155,374.60379950306503,0.0,True
1258,1021.5185185185185,907.9629629629629,765.1400792238773,339.2831393195454,2.865,True
1259,1064.5,908.2307692307693,774.0503201370963,304.4716315732626,23.945204,False
1260,1108.0,905.0,780.2274400673967,268.53194349583066,39.604404,False
1261,653.5,921.4,701.6083784551905,640.5294776230087,97.8946,False
1262,696.5,920.5,709.5750275605247,605.466771786915,66.828926,False
1263,740.0,920.5,718.3728818998273,570.1805062014886,39.42181,False
1264,783.32,920.92,727.4750139210945,535.1251881523748,20.2516,False
1265,826.5,920.5,735.8674658159119,500.01356429023826,1.3693,True
1266,869.5,920.5,744.5641953926939,465.1328879644145,0.0,True
1267,913.0,920.5,753.3620497319965,429.84662237898806,0.0,True
1268,956.32,920.92,762.4641817532637,394.79130432987415,0.0,True
1269,999.5,920.5,770.8566336480811,359.67968046773774,1.91,True
1270,1042.5,920.5,779.5533632248631,324.7990041419139,22.161604,False
1271,675.5,931.5,714.2507512459118,624.7262654656802,87.58616,False
1272,718.5,931.5,722.9474808226938,589.8455891398563,57.88982,False
1273,761.5,931.5,731.6442103994758,554.9649128140325,37.51181,False
1274,805.0,935.0,743.2811895559965,520.3865205662511,20.7923,False
1275,848.5,931.5,749.239919078081,484.39238164317965,0.0,True
1276,891.5,931.5,757.936648654863,449.5117053173558,0.0,True
1277,934.5,931.5,766.633378231645,414.63102899153193,0.0,True
1278,978.0,935.0,778.2703573881657,380.05263674375055,2.865,True
1279,1021.5,931.5,784.2290869102502,344.0584978206791,20.125202,False
1280,675.5,938.5,719.9290008803483,626.1420121409702,91.026955,False
1281,718.5,938.5,728.6257304571303,591.2613358151464,61.330624,False
1282,761.5,938.5,737.3224600339121,556.3806594893226,42.574715,False
1283,848.5,938.5,754.9181687125175,485.8081283184697,5.73,True
1284,891.5,938.5,763.6148982892995,450.92745199264584,1.91,True
1285,934.5,938.5,772.3116278660813,416.046775666822,1.91,True
1286,1021.5,938.5,789.9073365446867,345.4742444959692,25.440905,False
1287,697.0,947.0,731.1723830819834,610.4207949409106,80.30423,False
1288,740.0,950.0588235294117,742.3503762493714,576.1587671256444,59.547024,False
1289,783.5,950.0,751.1005025556836,540.8606016047846,41.45821,False
1290,826.6206896551724,949.8965517241379,759.7377167345747,505.86111956134516,23.1166,False
1291,869.6206896551724,949.8965517241379,768.4344463113565,470.9804432355213,2.7386,True
1292,913.0,950.0588235294117,777.3395440815406,435.8248833031439,0.955,True
1293,956.3793103448276,949.8965517241379,785.981345503755,400.6036762165811,2.865,True
1294,999.5,950.0,794.7863999646348,365.64604145646024,24.071604,False
1295,761.52,961.64,756.0971917915052,561.0444770477066,57.096325,False
1296,805.0,961.6129032258065,764.8690145691172,525.7689699928696,39.836113,False
1297,848.48,961.64,773.6848025887369,490.50442470428266,21.7473,False
1298,891.48,961.64,782.3815321655187,455.6237483784589,2.3243,True
1299,934.4814814814815,962.0370370370371,791.4006355524542,420.8221341679557,3.82,True
1300,978.0,961.5,799.7665881471038,385.4122491573487,22.035204,False
1301,826.5,973.5,778.859927333788,510.73278911743466,39.00751,False
1302,869.5,973.5,787.5566569105698,475.8521127916108,21.7473,False
1303,913.0,973.5,796.3545112498726,440.56584720618434,19.423,False
